tag,n_b_bin,n_evt,n_edges,pos_rate,ap_model,p_r90_model,chain_surv,chain_full_surv
multib_smoke,1,27,282,63.829787234042556,0.9126318798506058,0.7534883720930232,55.55555555555556,
multib_smoke,2,7,376,43.61702127659575,0.6539494229644803,0.4525993883792049,35.714285714285715,
multib_smoke2,1,27,282,63.829787234042556,0.9126318798506058,0.7534883720930232,55.55555555555556,
multib_smoke2,2,7,376,43.61702127659575,0.6539494229644803,0.4525993883792049,35.714285714285715,
multib_smoke3,1,27,282,63.829787234042556,0.9126318798506058,0.7534883720930232,0.8527467404392902,0.6982758620689655,0.8593673838623311,0.6982758620689655,0.05326449598827465,55.55555555555556,
multib_smoke3,2,7,376,43.61702127659575,0.6539494229644803,0.4525993883792049,0.4345875759161182,0.4228571428571429,0.4397875305395262,0.4228571428571429,0.21416189242495415,35.714285714285715,
multib_smoke4,1,27,282,63.829787234042556,0.9126318798506058,0.7534883720930232,0.8527467404392902,0.6982758620689655,0.8593673838623311,0.6982758620689655,0.05326449598827465,-0.009061976736068988,0.14300695183696782,0.935,55.55555555555556,
multib_smoke4,2,7,376,43.61702127659575,0.6539494229644803,0.4525993883792049,0.4345875759161182,0.4228571428571429,0.4397875305395262,0.4228571428571429,0.21416189242495415,0.06013324660519683,0.3753541508135202,0.99,35.714285714285715,
v601,1,69,704,67.89772727272727,0.8253185951328476,0.779385171790235,0.8646696530747984,0.7601410934744268,0.8612277737407802,0.7317487266553481,-0.035909178607932635,-0.09499357394472321,0.032926957545388234,0.28,52.17391304347826,
v601,2,31,1178,44.14261460101868,0.6316794735243958,0.4629080118694362,0.6456570859450272,0.4864864864864865,0.6439476282529907,0.48148148148148145,-0.012268154728594882,-0.07730968167704572,0.03920004271470367,0.35,35.483870967741936,
v623,1,69,704,67.89772727272727,0.8199264573956263,0.7822141560798548,0.7986174263755376,0.7030995106035889,0.8014751283536272,0.7030995106035889,0.018451329041999087,-0.03900700227711538,0.09365998561462864,0.705,53.62318840579711,
v623,2,31,1178,44.14261460101868,0.6448347985054382,0.4633663366336634,0.5347639162271437,0.45436893203883494,0.5380165177396855,0.45525291828793774,0.10681828076575273,0.04233734950164206,0.1814492154518063,1.0,33.87096774193548,
v624,1,69,704,67.89772727272727,0.8302992637309488,0.7879341864716636,0.7986174263755376,0.7030995106035889,0.8014751283536272,0.7030995106035889,0.028824135377321536,-0.03146716283530861,0.0954836546076791,0.785,49.275362318840585,
v624,2,31,1178,44.14261460101868,0.6348287144368369,0.4629080118694362,0.5347639162271437,0.45436893203883494,0.5380165177396855,0.45525291828793774,0.09681219669715135,0.03251424696893969,0.16954810524686748,1.0,35.483870967741936,
v628,1,69,704,67.89772727272727,0.8157050343817936,0.7765765765765765,0.8646696530747984,0.7601410934744268,0.8612277737407802,0.7317487266553481,-0.04552273935898654,-0.1025395126887364,0.028595185977488686,0.22,57.971014492753625,
v628,2,31,1178,44.14261460101868,0.6278517403812929,0.46706586826347307,0.6456570859450272,0.4864864864864865,0.6439476282529907,0.48148148148148145,-0.0160958878716978,-0.07654260408533975,0.03660559454053743,0.295,40.32258064516129,
v631,1,69,704,67.89772727272727,0.7918159971475536,0.7443868739205527,0.7986174263755376,0.7030995106035889,0.8014751283536272,0.7030995106035889,-0.009659131206073646,-0.08213459461073641,0.07235398903717602,0.435,57.971014492753625,
v631,2,31,1178,44.14261460101868,0.6286419200325233,0.4444444444444444,0.5347639162271437,0.45436893203883494,0.5380165177396855,0.45525291828793774,0.09062540229283778,0.009777800701540704,0.16956048571471846,0.995,37.096774193548384,
v632,1,69,704,67.89772727272727,0.8015779323056793,0.738013698630137,0.7986174263755376,0.7030995106035889,0.8014751283536272,0.7030995106035889,0.00010280395205208848,-0.06626414443936933,0.07817349450455907,0.525,56.52173913043478,
v632,2,31,1178,44.14261460101868,0.6505885415004542,0.4508670520231214,0.5347639162271437,0.45436893203883494,0.5380165177396855,0.45525291828793774,0.11257202376076869,0.03700380442662435,0.20458139201644718,1.0,40.32258064516129,
v633,1,69,704,67.89772727272727,0.7921252925278158,0.7100494233937397,0.7986174263755376,0.7030995106035889,0.8014751283536272,0.7030995106035889,-0.009349835825811392,-0.06991312893617072,0.06821556837884259,0.44,46.3768115942029,
v633,2,31,1178,44.14261460101868,0.6487898688420476,0.45792563600782776,0.5347639162271437,0.45436893203883494,0.5380165177396855,0.45525291828793774,0.11077335110236208,0.04205712761230309,0.19199751019807584,1.0,33.87096774193548,
v635,1,69,704,67.89772727272727,0.8020682944973283,0.7207357859531772,0.7986174263755376,0.7030995106035889,0.8014751283536272,0.7030995106035889,0.0005931661437010849,-0.06451019179834973,0.07210376194237676,0.53,47.82608695652174,
v635,2,31,1178,44.14261460101868,0.648138485859461,0.45525291828793774,0.5347639162271437,0.45436893203883494,0.5380165177396855,0.45525291828793774,0.11012196811977548,0.04205276005311678,0.18729015982819613,1.0,35.483870967741936,
v636,1,69,704,67.89772727272727,0.791591506155092,0.7135761589403974,0.7986174263755376,0.7030995106035889,0.8014751283536272,0.7030995106035889,-0.009883622198535225,-0.06777711696810855,0.07353393460563881,0.465,47.82608695652174,
v636,2,31,1178,44.14261460101868,0.6221861380878083,0.4588235294117647,0.5347639162271437,0.45436893203883494,0.5380165177396855,0.45525291828793774,0.08416962034812281,0.015255630641972242,0.1907701604222372,0.985,37.096774193548384,
v637,1,69,704,67.89772727272727,0.8024476872594701,0.7280405405405406,0.7986174263755376,0.7030995106035889,0.8014751283536272,0.7030995106035889,0.0009725589058429129,-0.06204715858364669,0.07155993809427572,0.54,46.3768115942029,
v637,2,31,1178,44.14261460101868,0.6261461237067979,0.4448669201520912,0.5347639162271437,0.45436893203883494,0.5380165177396855,0.45525291828793774,0.08812960596711239,0.02368303872094149,0.1674668272264767,1.0,33.87096774193548,
v639,1,69,704,67.89772727272727,0.7977036946167708,0.7207357859531772,0.7986174263755376,0.7030995106035889,0.8014751283536272,0.7030995106035889,-0.0037714337368564,-0.06722653341820199,0.0792312152269194,0.52,53.62318840579711,
v639,2,31,1178,44.14261460101868,0.6540993155518074,0.4539282250242483,0.5347639162271437,0.45436893203883494,0.5380165177396855,0.45525291828793774,0.11608279781212194,0.04145438399310292,0.20330270302273226,1.0,37.096774193548384,
v640,1,69,704,67.89772727272727,0.8012906623079994,0.7405498281786942,0.7986174263755376,0.7030995106035889,0.8014751283536272,0.7030995106035889,-0.0001844660456278291,-0.06333329006398504,0.07247113099160846,0.54,50.72463768115942,
v640,2,31,1178,44.14261460101868,0.6387675323114566,0.4427625354777673,0.5347639162271437,0.45436893203883494,0.5380165177396855,0.45525291828793774,0.10075101457177105,0.018971903450272058,0.17639346760776495,0.995,35.483870967741936,
v641,1,69,704,67.89772727272727,0.7796365589827722,0.7280405405405406,0.7986174263755376,0.7030995106035889,0.8014751283536272,0.7030995106035889,-0.021838569370855043,-0.08463697346341324,0.054858344131962944,0.335,68.11594202898551,
v641,2,31,1178,44.14261460101868,0.6116793084442277,0.43902439024390244,0.5347639162271437,0.45436893203883494,0.5380165177396855,0.45525291828793774,0.07366279070454218,0.0019302836298646963,0.1494267796501703,0.975,50.0,
v642,1,69,704,67.89772727272727,0.8030167558902042,0.7317487266553481,0.7986174263755376,0.7030995106035889,0.8014751283536272,0.7030995106035889,0.0015416275365769394,-0.05675610507241232,0.06670575315538531,0.55,71.01449275362319,
v642,2,31,1178,44.14261460101868,0.6233634983664814,0.4495677233429395,0.5347639162271437,0.45436893203883494,0.5380165177396855,0.45525291828793774,0.08534698062679591,0.0026049667592971263,0.16756718706847665,0.98,48.38709677419355,
v643,1,69,704,67.89772727272727,0.7946103625194251,0.7030995106035889,0.7986174263755376,0.7030995106035889,0.8014751283536272,0.7030995106035889,-0.006864765834202147,-0.06378605472646738,0.06791996538902897,0.46,42.028985507246375,
v643,2,31,1178,44.14261460101868,0.6131316254999118,0.45,0.5347639162271437,0.45436893203883494,0.5380165177396855,0.45525291828793774,0.07511510776022634,-0.009930646335646633,0.1590314704656011,0.97,29.03225806451613,
v648,1,69,704,67.89772727272727,0.8103229405895974,0.7280405405405406,0.7986174263755376,0.7030995106035889,0.8014751283536272,0.7030995106035889,0.008847812235970198,-0.04966398243012644,0.08266875556230775,0.64,43.47826086956522,
v648,2,31,1178,44.14261460101868,0.6281034017896929,0.4427625354777673,0.5347639162271437,0.45436893203883494,0.5380165177396855,0.45525291828793774,0.09008688405000742,0.0248967816782084,0.1691473693358521,1.0,27.419354838709676,
v623_e500,1,178,2054,67.18597857838364,0.7597018812607823,0.7370919881305638,0.7313297296560969,0.672077922077922,0.7330416334389839,0.6713513513513514,0.026660247821798433,-0.009877373776940453,0.08236868242289645,0.885,50.56179775280899,
v623_e500,2,75,3050,44.06557377049181,0.6736431621583256,0.4721030042918455,0.5774329489088511,0.4458364038319823,0.581521156063255,0.4458364038319823,0.0921220060950706,0.057025656544961986,0.13124182998600406,1.0,44.0,
v623_e500,3,1,72,19.444444444444446,0.21401634578235035,0.18840579710144928,0.33147270137144863,0.20634920634920634,0.3343868494868352,0.20634920634920634,-0.12037050370448488,-0.12037050370448488,-0.12037050370448488,0.0,0.0,
v624_e500,1,178,2054,67.18597857838364,0.775186061686854,0.74415817855003,0.7313297296560969,0.672077922077922,0.7330416334389839,0.6713513513513514,0.042144428247870125,0.0029901052198739,0.09241329169816932,0.975,45.50561797752809,
v624_e500,2,75,3050,44.06557377049181,0.6605852702362925,0.46881053855094923,0.5774329489088511,0.4458364038319823,0.581521156063255,0.4458364038319823,0.07906411417303749,0.04330896140187214,0.12275765372348177,1.0,40.666666666666664,
v624_e500,3,1,72,19.444444444444446,0.23592848883289225,0.18571428571428572,0.33147270137144863,0.20634920634920634,0.3343868494868352,0.20634920634920634,-0.09845836065394298,-0.09845836065394298,-0.09845836065394298,0.0,0.0,
v632_e500,1,178,2054,67.18597857838364,0.6913160003341342,0.7001127395715896,0.7313297296560969,0.672077922077922,0.7330416334389839,0.6713513513513514,-0.04172563310484967,-0.11735848118196171,0.059777477379737924,0.275,52.80898876404494,
v632_e500,2,75,3050,44.06557377049181,0.6554565235192603,0.45540082800150544,0.5774329489088511,0.4458364038319823,0.581521156063255,0.4458364038319823,0.07393536745600526,0.03307487690320861,0.11887114269526694,1.0,47.333333333333336,
v632_e500,3,1,72,19.444444444444446,0.19390955958169798,0.18840579710144928,0.33147270137144863,0.20634920634920634,0.3343868494868352,0.20634920634920634,-0.14047728990513725,-0.14047728990513725,-0.14047728990513725,0.0,0.0,
v633_e500,1,178,2054,67.18597857838364,0.7445937767189282,0.696578799775659,0.7313297296560969,0.672077922077922,0.7330416334389839,0.6713513513513514,0.01155214327994436,-0.045245337546356956,0.06557880317041286,0.65,44.9438202247191,
v633_e500,2,75,3050,44.06557377049181,0.6509058686657108,0.459901178259217,0.5774329489088511,0.4458364038319823,0.581521156063255,0.4458364038319823,0.06938471260245571,0.03217920709803579,0.11053305262571743,1.0,40.0,
v633_e500,3,1,72,19.444444444444446,0.20742538211214637,0.18840579710144928,0.33147270137144863,0.20634920634920634,0.3343868494868352,0.20634920634920634,-0.12696146737468886,-0.12696146737468886,-0.12696146737468886,0.0,0.0,
v639_e500,1,178,2054,67.18597857838364,0.7392154987549456,0.7016949152542373,0.7313297296560969,0.672077922077922,0.7330416334389839,0.6713513513513514,0.006173865315961757,-0.04406011750169669,0.060042729561173284,0.585,47.752808988764045,
v639_e500,2,75,3050,44.06557377049181,0.6567174266002103,0.45182972367438384,0.5774329489088511,0.4458364038319823,0.581521156063255,0.4458364038319823,0.07519627053695521,0.03757251621120519,0.11496443220490539,1.0,44.0,
v639_e500,3,1,72,19.444444444444446,0.19606455471585846,0.18840579710144928,0.33147270137144863,0.20634920634920634,0.3343868494868352,0.20634920634920634,-0.13832229477097677,-0.13832229477097677,-0.13832229477097677,0.0,0.0,
v643_e500,1,178,2054,67.18597857838364,0.7744985600457983,0.6954087346024636,0.7313297296560969,0.672077922077922,0.7330416334389839,0.6713513513513514,0.04145692660681444,-0.006567520582781216,0.09282096364979911,0.95,39.325842696629216,
v643_e500,2,75,3050,44.06557377049181,0.6260813518083174,0.4460007371913011,0.5774329489088511,0.4458364038319823,0.581521156063255,0.4458364038319823,0.044560195745062314,0.005527690931019369,0.09198882930656814,0.985,32.666666666666664,
v643_e500,3,1,72,19.444444444444446,0.29978582071116133,0.19117647058823528,0.33147270137144863,0.20634920634920634,0.3343868494868352,0.20634920634920634,-0.03460102877567389,-0.03460102877567389,-0.03460102877567389,0.0,0.0,
v648_e500,1,178,2054,67.18597857838364,0.7810035780001661,0.7052810902896082,0.7313297296560969,0.672077922077922,0.7330416334389839,0.6713513513513514,0.04796194456118219,0.0012429454615079899,0.09338345782613018,0.975,41.01123595505618,
v648_e500,2,75,3050,44.06557377049181,0.6587803036523628,0.4560874481718809,0.5774329489088511,0.4458364038319823,0.581521156063255,0.4458364038319823,0.07725914758910779,0.03467495032246584,0.11951715248013493,1.0,36.666666666666664,
v648_e500,3,1,72,19.444444444444446,0.25369272681950594,0.19117647058823528,0.33147270137144863,0.20634920634920634,0.3343868494868352,0.20634920634920634,-0.08069412266732928,-0.08069412266732928,-0.08069412266732928,0.0,0.0,
