tag,version,events,pos_rate,edge_auc,edge_ap,edge_p_at_r90,edge_p_at_r99,node_auc,node_ap,auc_fake_inter,auc_fake_inter_samepv,auc_fake_inter_diffpv,auc_fake_sigbkg,auc_fake_bkgbkg,chain_surv,thr
v601_ep19,960119,200,0.135,0.9705,0.2924,0.0169,0.003,0.9308,0.5971,0.6555,0.6475,0.8355,0.9181,0.9749,36.09,0.9
v614_ep19,961419,200,0.134,0.9645,0.3681,0.0128,0.0026,0.9266,0.6444,0.6883,0.6764,0.9343,0.9146,0.969,41.83,0.9
v620_ep19,962019,200,0.15,0.9559,0.3568,0.0141,0.0023,0.9348,0.6324,0.6459,0.6394,0.8817,0.8909,0.9615,40.44,0.9
v624_ep09,962409,200,0.157,0.9818,0.489,0.0373,0.0052,0.9466,0.6954,0.733,0.733,,0.9456,0.9852,42.58,0.9
v622_ep07,962207,200,0.129,0.9805,0.3066,0.0239,0.0048,0.9417,0.6792,0.6173,0.6117,0.9926,0.9287,0.9849,41.09,0.9
v621_ep55,962155,200,0.149,0.9483,0.407,0.0079,0.0023,0.9492,0.7174,0.6359,0.6288,0.9578,0.8827,0.9537,51.47,0.9
v623_ep19,962319,200,0.127,0.985,0.4418,0.0266,0.0055,0.9487,0.6688,0.6796,0.6781,0.7118,0.9487,0.988,49.24,0.9
v626_ep19,962619,200,0.135,0.9437,0.4071,0.0065,0.0018,0.9337,0.6357,0.6665,0.6665,,0.8645,0.9501,36.8,0.9
v628_ep13,962813,200,0.144,0.9723,0.4431,0.0207,0.0026,0.9328,0.6768,0.7282,0.7229,0.9442,0.9272,0.9761,46.97,0.9
v629_ep19,962919,200,0.135,0.9748,0.4217,0.0242,0.003,0.9354,0.6668,0.6797,0.6687,0.8941,0.9359,0.9784,45.1,0.9
v631_ep10,963110,200,0.13,0.9275,0.314,0.0054,0.0017,0.9225,0.6241,0.5792,0.579,0.72,0.8356,0.9351,41.22,0.9
