tag,version,events,pos_rate,edge_auc,edge_ap,edge_p_at_r90,edge_p_at_r99,node_auc,node_ap,auc_fake_inter,auc_fake_inter_samepv,auc_fake_inter_diffpv,auc_fake_sigbkg,auc_fake_bkgbkg,chain_surv,thr,lca_auc,lca_ap,chain_full_surv,chain_single_comp,mean_comp,ap_hardpool,p_at_r90_hardpool,hardpool_pos_rate,hardpool_n,ap_dp,dp_pos_rate,dp_n,ap_fake_intra,n_fake_intra,ap_fake_inter,n_fake_inter,ap_fake_sigbkg,n_fake_sigbkg,ap_fake_bkgbkg,n_fake_bkgbkg,ap_hardpool_lo,ap_hardpool_hi,ap_dp_lo,ap_dp_hi,chain_surv_2,per_link_p_2,chain_surv_3,per_link_p_3,chain_surv_4,per_link_p_4,chain_surv_5p,per_link_p_5p,chain_minscore_p10,chain_minscore_p50,pv_miss_all,pv_miss_sig,pv_miss_bkg,pv_n_tracks,pv_miss_all_lo,pv_miss_all_hi
v601,601,200,0.117,0.9731,0.3325,0.0127,0.0038,0.9282,0.6445,0.6444,0.635,0.8615,0.9208,0.9774,44.27,0.9,0.9724,0.3375,44.27,74.05,0.74,0.6584,0.5268,50.1353,2218,0.623,28.8037,1722,,0,0.6583,1106,0.4623,64542,0.5184,879748,0.6087,0.7011,0.5652,0.6995,43.5484,0.6599,42.3077,0.8419,59.2593,0.9006,25.0,0.7579,0.1682,0.8564,8.3327,16.129,7.9931,12625,7.9907,8.7241
v623,623,200,0.117,0.9742,0.3372,0.0149,0.0036,0.934,0.6444,0.6544,0.6442,0.8652,0.9235,0.9784,44.27,0.9,0.9737,0.3421,44.27,74.05,0.74,0.6736,0.5282,50.1353,2218,0.6112,26.999,1926,,0,0.6736,1106,0.4579,64542,0.527,879748,0.6251,0.7157,0.5544,0.6791,43.5484,0.6599,38.4615,0.826,62.963,0.9116,25.0,0.7579,0.1749,0.8647,8.4594,16.888,8.0922,12625,8.0958,8.8512
v624,624,200,0.117,0.9729,0.3335,0.012,0.0039,0.9308,0.6396,0.6449,0.6353,0.8707,0.9202,0.9772,42.75,0.9,0.9725,0.3417,42.75,74.05,0.74,0.6688,0.5168,50.1353,2218,0.6316,28.3217,1716,,0,0.6688,1106,0.4531,64542,0.5142,879748,0.6179,0.712,0.5714,0.7073,43.5484,0.6599,30.7692,0.79,62.963,0.9116,25.0,0.7579,0.1799,0.8406,8.4436,17.4573,8.0509,12625,8.1035,8.8436
v628,628,200,0.117,0.973,0.3378,0.0128,0.0036,0.9301,0.6435,0.645,0.6353,0.8278,0.918,0.9775,49.62,0.9,0.9709,0.3414,49.62,78.63,0.786,0.6639,0.5244,50.1353,2218,0.6122,22.9974,2322,,0,0.6639,1106,0.4577,64542,0.523,879748,0.6165,0.7071,0.5587,0.6844,50.0,0.7071,46.1538,0.8567,62.963,0.9116,31.25,0.7924,0.1632,0.8994,8.4277,16.5085,8.0757,12625,8.0643,8.811
v631,631,200,0.117,0.9325,0.2833,0.0044,0.0015,0.9304,0.6397,0.6128,0.6045,0.7131,0.8471,0.9392,48.09,0.9,0.9338,0.3016,49.62,75.57,0.756,0.6415,0.4936,50.1353,2218,0.5506,22.5377,2254,,0,0.6415,1106,0.397,64542,0.4651,879748,0.5928,0.6866,0.5079,0.6198,46.7742,0.6839,53.8462,0.8835,62.963,0.9116,18.75,0.7155,0.1745,0.8814,8.4594,16.6983,8.1005,12625,8.1131,8.8496
v632,632,200,0.117,0.9329,0.3319,0.0046,0.0015,0.9299,0.6457,0.6175,0.6056,0.8659,0.8499,0.9393,48.85,0.9,0.9355,0.3411,50.38,78.63,0.786,0.6719,0.4968,50.1353,2218,0.6339,21.5839,2576,,0,0.6719,1106,0.4182,64542,0.49,879748,0.6268,0.7152,0.5839,0.7118,50.0,0.7071,38.4615,0.826,66.6667,0.9221,31.25,0.7924,0.1158,0.8899,8.4515,16.5085,8.1005,12625,8.1206,8.8695
v633,633,200,0.117,0.9115,0.2934,0.0033,0.0012,0.9285,0.6442,0.6201,0.6091,0.8007,0.8391,0.9171,40.46,0.9,0.9159,0.3265,41.22,71.76,0.733,0.6647,0.4929,50.1353,2218,0.6189,30.0885,1582,,0,0.6647,1106,0.3895,64542,0.4527,879748,0.6192,0.7074,0.5633,0.6888,38.7097,0.6222,34.6154,0.8088,59.2593,0.9006,25.0,0.7579,0.1136,0.7903,8.5386,17.2676,8.1584,12625,8.1948,8.9267
v635,635,200,0.117,0.9277,0.3109,0.0048,0.0012,0.9316,0.6333,0.6078,0.5998,0.7229,0.8479,0.9339,41.98,0.9,0.932,0.3234,41.98,71.76,0.718,0.6594,0.4878,50.1353,2218,0.638,29.0932,1588,,0,0.6594,1106,0.4187,64542,0.469,879748,0.6144,0.7005,0.5881,0.7031,43.5484,0.6599,34.6154,0.8088,59.2593,0.9006,18.75,0.7155,0.1324,0.7941,8.5545,16.888,8.1914,12625,8.1919,8.952
v636,636,200,0.117,0.9124,0.2415,0.0035,0.0013,0.9262,0.639,0.6021,0.5908,0.7819,0.827,0.919,42.75,0.9,0.9223,0.3392,42.75,70.23,0.702,0.6423,0.4876,50.1353,2218,0.5581,28.7397,1698,,0,0.6423,1106,0.3271,64542,0.4096,879748,0.6045,0.6853,0.4996,0.6708,43.5484,0.6599,30.7692,0.79,59.2593,0.9006,31.25,0.7924,0.1146,0.8232,8.5149,16.6983,8.1584,12625,8.1496,8.916
v637,637,200,0.117,0.9172,0.3001,0.004,0.0015,0.9294,0.6407,0.6043,0.594,0.7821,0.8299,0.924,40.46,0.9,0.9252,0.3454,41.22,67.94,0.695,0.6553,0.4926,50.1353,2218,0.6549,33.6765,1360,,0,0.6553,1106,0.3936,64542,0.4516,879748,0.6125,0.6951,0.6054,0.7257,40.3226,0.635,30.7692,0.79,59.2593,0.9006,25.0,0.7579,0.1059,0.802,8.5545,17.2676,8.1749,12625,8.1958,8.9427
v601,601,200,0.117,0.9731,0.3325,0.0127,0.0038,0.9282,0.6445,0.6444,0.635,0.8615,0.9208,0.9774,44.27,0.9,0.9724,0.3375,44.27,74.05,0.74,0.6584,0.5268,50.1353,2218,0.623,28.8037,1722,,0,0.6583,1106,0.4623,64542,0.5184,879748,0.6087,0.7011,0.5652,0.6995,43.5484,0.6599,42.3077,0.8419,59.2593,0.9006,25.0,0.7579,0.1682,0.8564,8.3327,16.129,7.9931,12625,7.9907,8.7241
v623,623,200,0.117,0.9742,0.3372,0.0149,0.0036,0.934,0.6444,0.6544,0.6442,0.8652,0.9235,0.9784,44.27,0.9,0.9737,0.3421,44.27,74.05,0.74,0.6736,0.5282,50.1353,2218,0.6112,26.999,1926,,0,0.6736,1106,0.4579,64542,0.527,879748,0.6251,0.7157,0.5544,0.6791,43.5484,0.6599,38.4615,0.826,62.963,0.9116,25.0,0.7579,0.1749,0.8647,8.4594,16.888,8.0922,12625,8.0958,8.8512
v624,624,200,0.117,0.9729,0.3335,0.012,0.0039,0.9308,0.6396,0.6449,0.6353,0.8707,0.9202,0.9772,42.75,0.9,0.9725,0.3417,42.75,74.05,0.74,0.6688,0.5168,50.1353,2218,0.6316,28.3217,1716,,0,0.6688,1106,0.4531,64542,0.5142,879748,0.6179,0.7121,0.5714,0.7073,43.5484,0.6599,30.7692,0.79,62.963,0.9116,25.0,0.7579,0.1799,0.8406,8.4436,17.4573,8.0509,12625,8.1035,8.8436
v628,628,200,0.117,0.973,0.3378,0.0128,0.0036,0.9301,0.6435,0.645,0.6353,0.8278,0.918,0.9775,49.62,0.9,0.9709,0.3414,49.62,78.63,0.786,0.6639,0.5244,50.1353,2218,0.6122,22.9974,2322,,0,0.6639,1106,0.4577,64542,0.523,879748,0.6165,0.7071,0.5587,0.6844,50.0,0.7071,46.1538,0.8567,62.963,0.9116,31.25,0.7924,0.1632,0.8994,8.4277,16.5085,8.0757,12625,8.0643,8.811
v631,631,200,0.117,0.9325,0.2833,0.0044,0.0015,0.9304,0.6397,0.6128,0.6045,0.7131,0.8471,0.9392,48.09,0.9,0.9338,0.3016,49.62,75.57,0.756,0.6415,0.4936,50.1353,2218,0.5506,22.5377,2254,,0,0.6415,1106,0.397,64542,0.4651,879748,0.5928,0.6866,0.5079,0.6198,46.7742,0.6839,53.8462,0.8835,62.963,0.9116,18.75,0.7155,0.1745,0.8814,8.4594,16.6983,8.1005,12625,8.1131,8.8496
v632,632,200,0.117,0.9329,0.3317,0.0046,0.0015,0.9299,0.6457,0.6175,0.6057,0.8659,0.8499,0.9393,48.85,0.9,0.9355,0.3411,50.38,78.63,0.786,0.6719,0.4968,50.1353,2218,0.6339,21.5839,2576,,0,0.6719,1106,0.4181,64542,0.49,879748,0.6268,0.7152,0.5838,0.7119,50.0,0.7071,38.4615,0.826,66.6667,0.9221,31.25,0.7924,0.1158,0.8899,8.4515,16.5085,8.1005,12625,8.1206,8.8695
v633,633,200,0.117,0.9115,0.2934,0.0033,0.0012,0.9285,0.6442,0.6201,0.6091,0.8007,0.8391,0.9171,40.46,0.9,0.9159,0.3265,41.22,71.76,0.733,0.6647,0.4929,50.1353,2218,0.6189,30.0885,1582,,0,0.6647,1106,0.3895,64542,0.4527,879748,0.6192,0.7074,0.5633,0.6888,38.7097,0.6222,34.6154,0.8088,59.2593,0.9006,25.0,0.7579,0.1136,0.7903,8.5386,17.2676,8.1584,12625,8.1948,8.9267
v635,635,200,0.117,0.9277,0.3109,0.0048,0.0012,0.9316,0.6333,0.6078,0.5998,0.7229,0.8479,0.9339,41.98,0.9,0.932,0.3234,41.98,71.76,0.718,0.6594,0.4878,50.1353,2218,0.638,29.0932,1588,,0,0.6594,1106,0.4187,64542,0.469,879748,0.6144,0.7005,0.5881,0.7031,43.5484,0.6599,34.6154,0.8088,59.2593,0.9006,18.75,0.7155,0.1324,0.7941,8.5545,16.888,8.1914,12625,8.1919,8.952
v636,636,200,0.117,0.9124,0.2415,0.0035,0.0013,0.9262,0.639,0.6021,0.5908,0.7819,0.827,0.919,42.75,0.9,0.9223,0.3392,42.75,70.23,0.702,0.6423,0.4876,50.1353,2218,0.5581,28.7397,1698,,0,0.6423,1106,0.3271,64542,0.4096,879748,0.6045,0.6853,0.4997,0.6708,43.5484,0.6599,30.7692,0.79,59.2593,0.9006,31.25,0.7924,0.1146,0.8232,8.5149,16.6983,8.1584,12625,8.1496,8.916
v637,637,200,0.117,0.9172,0.3001,0.004,0.0015,0.9294,0.6407,0.6043,0.594,0.7821,0.8299,0.924,40.46,0.9,0.9252,0.3454,41.22,67.94,0.695,0.6553,0.4926,50.1353,2218,0.6549,33.6765,1360,,0,0.6553,1106,0.3936,64542,0.4516,879748,0.6125,0.6951,0.6054,0.7257,40.3226,0.635,30.7692,0.79,59.2593,0.9006,25.0,0.7579,0.1059,0.802,8.5545,17.2676,8.1749,12625,8.1958,8.9427
v639,639,200,0.117,0.9221,0.306,0.0043,0.0012,0.9311,0.6427,0.6176,0.607,0.7741,0.84,0.9285,45.8,0.9,0.9257,0.354,45.8,74.05,0.74,0.6675,0.4917,50.1353,2218,0.6248,25.2226,2022,,0,0.6675,1106,0.3991,64542,0.4673,879748,0.6219,0.711,0.5572,0.7219,46.7742,0.6839,38.4615,0.826,62.963,0.9116,25.0,0.7579,0.1206,0.8622,8.5465,17.2676,8.1666,12625,8.2093,8.9499
v640,640,200,0.117,0.9302,0.2913,0.0044,0.0016,0.9275,0.6309,0.6089,0.5989,0.7673,0.8435,0.937,43.51,0.9,0.9363,0.3278,43.51,70.23,0.702,0.6579,0.4895,50.1353,2218,0.5841,27.7397,1752,,0,0.6579,1106,0.3828,64542,0.4737,879748,0.6122,0.6983,0.5299,0.6698,41.9355,0.6476,42.3077,0.8419,59.2593,0.9006,25.0,0.7579,0.1713,0.8084,8.4673,17.0778,8.0922,12625,8.0844,8.8631
v641,641,200,0.117,0.9427,0.2826,0.005,0.0022,0.9244,0.6119,0.5931,0.5832,0.7077,0.8388,0.9508,59.54,0.9,0.9444,0.3105,62.6,84.73,0.893,0.63,0.4883,50.1353,2218,0.4779,9.2656,6972,,0,0.63,1106,0.3884,64542,0.457,879748,0.5836,0.6728,0.431,0.544,59.6774,0.7725,61.5385,0.9075,66.6667,0.9221,43.75,0.8476,0.4108,0.9429,8.4673,16.6983,8.1088,12625,8.098,8.8603
v642,642,200,0.117,0.9282,0.2962,0.0043,0.0012,0.9258,0.612,0.5964,0.5865,0.7205,0.8351,0.9355,60.31,0.9,0.9305,0.3285,64.12,83.97,0.87,0.653,0.4847,50.1353,2218,0.5003,8.2287,7802,,0,0.653,1106,0.3933,64542,0.4653,879748,0.6057,0.6907,0.4491,0.5675,58.0645,0.762,69.2308,0.9291,66.6667,0.9221,43.75,0.8476,0.5189,0.9578,8.5228,17.4573,8.1336,12625,8.1981,8.9248
v643,643,200,0.117,0.9148,0.2434,0.0039,0.0013,0.925,0.6416,0.5983,0.5897,0.7564,0.8238,0.9219,35.88,0.9,0.9271,0.3256,41.98,64.12,0.748,0.6406,0.49,50.1353,2218,0.5752,30.7292,1536,,0,0.6406,1106,0.3231,64542,0.3974,879748,0.5984,0.6841,0.515,0.637,35.4839,0.5957,26.9231,0.7692,55.5556,0.8891,18.75,0.7155,0.1449,0.7588,8.5149,17.2676,8.1336,12625,8.1588,8.9051
v648,648,200,0.117,0.9225,0.2546,0.0039,0.0013,0.9268,0.6296,0.6178,0.6086,0.7657,0.8413,0.9288,35.88,0.9,0.9311,0.3207,38.17,69.47,0.695,0.6571,0.4878,50.1353,2218,0.5652,26.0321,1744,,0,0.6571,1106,0.3477,64542,0.4079,879748,0.6146,0.7015,0.5024,0.6323,37.0968,0.6091,23.0769,0.7458,51.8519,0.8769,25.0,0.7579,0.1844,0.79,8.5307,17.0778,8.1584,12625,8.1659,8.9098
v623_e500,623,500,0.132,0.9729,0.3366,0.0182,0.0032,0.9334,0.6652,0.6533,0.643,0.9539,0.925,0.977,47.13,0.9,0.972,0.3348,47.13,77.34,0.773,0.6534,0.5368,50.5701,5964,0.5995,26.8519,5184,,0,0.6534,2948,0.478,163314,0.5429,2118542,0.6261,0.681,0.5656,0.6367,50.3546,0.7096,37.5,0.8219,59.4203,0.9011,34.1463,0.8066,0.2008,0.8734,8.8922,17.9356,8.4749,30971,8.637,9.1037
v624_e500,624,500,0.132,0.9711,0.3287,0.0152,0.003,0.9321,0.6579,0.6466,0.6366,0.9484,0.9214,0.9753,42.9,0.9,0.9703,0.3283,42.9,76.44,0.764,0.6529,0.5308,50.5701,5964,0.611,28.1034,4640,,0,0.6529,2948,0.4635,163314,0.5285,2118542,0.6288,0.6793,0.5779,0.6552,44.6809,0.6684,35.0,0.8106,52.1739,0.878,36.5854,0.8178,0.1935,0.8591,8.8534,18.448,8.4107,30971,8.6094,9.0506
v632_e500,632,500,0.132,0.9333,0.2683,0.0054,0.0017,0.9317,0.6726,0.5982,0.5875,0.8902,0.8547,0.9398,49.85,0.9,0.9356,0.3214,51.66,81.27,0.834,0.6081,0.5036,50.5701,5964,0.5216,22.6814,6534,,0,0.6081,2948,0.3949,163314,0.4801,2118542,0.5712,0.6522,0.4649,0.606,53.9007,0.7342,40.0,0.8326,59.4203,0.9011,39.0244,0.8285,0.1577,0.8991,8.8405,17.9356,8.4209,30971,8.5786,9.0585
v633_e500,633,500,0.132,0.9152,0.2796,0.0038,0.0014,0.9305,0.6656,0.6062,0.5965,0.8653,0.8435,0.9211,42.3,0.9,0.9201,0.3119,43.81,75.53,0.782,0.6371,0.5078,50.5701,5964,0.5862,30.518,4286,,0,0.6371,2948,0.3929,163314,0.4502,2118542,0.6128,0.6628,0.5504,0.6347,44.6809,0.6684,32.5,0.7987,53.6232,0.8828,34.1463,0.8066,0.1307,0.8301,8.918,18.6676,8.4682,30971,8.6721,9.1464
v639_e500,639,500,0.132,0.9273,0.2884,0.0048,0.0015,0.9333,0.6674,0.6025,0.5921,0.891,0.8448,0.9341,45.62,0.9,0.93,0.3344,46.22,76.74,0.795,0.635,0.4999,50.5701,5964,0.5847,26.142,5210,,0,0.6351,2948,0.4047,163314,0.4642,2118542,0.6106,0.6616,0.5557,0.6307,49.6454,0.7046,35.0,0.8106,57.971,0.8967,31.7073,0.7948,0.1646,0.8628,8.9212,18.3748,8.4851,30971,8.6688,9.1316
v643_e500,643,500,0.132,0.9192,0.2552,0.0043,0.0015,0.9257,0.663,0.588,0.5796,0.8248,0.8249,0.927,35.95,0.9,0.9289,0.3179,41.39,68.58,0.782,0.6372,0.4986,50.5701,5964,0.5989,31.7509,3918,,0,0.6372,2948,0.3449,163314,0.4088,2118542,0.6178,0.6624,0.5611,0.6338,39.7163,0.6302,27.5,0.7724,47.8261,0.8628,19.5122,0.7212,0.148,0.774,8.8696,18.3016,8.4344,30971,8.6247,9.0883
v648_e500,648,500,0.132,0.9293,0.2598,0.0052,0.0015,0.9288,0.6509,0.617,0.608,0.873,0.8475,0.936,38.67,0.9,0.9348,0.3092,41.69,71.9,0.731,0.6524,0.5004,50.5701,5964,0.5673,27.8616,4508,,0,0.6524,2948,0.3626,163314,0.4147,2118542,0.6323,0.6772,0.534,0.6087,43.9716,0.6631,28.75,0.7793,46.3768,0.8576,26.8293,0.7686,0.1966,0.8061,8.9406,18.448,8.5019,30971,8.6856,9.168
