group_type,group,n_events,K_total,thr,A,Perf_n,success_rate,all_fix,coverage,best_thr,best_thr_smooth,best_rate,rate_at_global_thr,global_thr,is_best
K_ft,B=0(无B),68,0,0.5,0,0,0.0,0.0,0.0,0.5,0.5,0.0,0.0,0.98,1
K_ft,B=0(无B),68,0,0.51,0,0,0.0,0.0,0.0,0.5,0.5,0.0,0.0,0.98,0
K_ft,B=0(无B),68,0,0.52,0,0,0.0,0.0,0.0,0.5,0.5,0.0,0.0,0.98,0
K_ft,B=0(无B),68,0,0.53,0,0,0.0,0.0,0.0,0.5,0.5,0.0,0.0,0.98,0
K_ft,B=0(无B),68,0,0.54,0,0,0.0,0.0,0.0,0.5,0.5,0.0,0.0,0.98,0
K_ft,B=0(无B),68,0,0.55,0,0,0.0,0.0,0.0,0.5,0.5,0.0,0.0,0.98,0
K_ft,B=0(无B),68,0,0.56,0,0,0.0,0.0,0.0,0.5,0.5,0.0,0.0,0.98,0
K_ft,B=0(无B),68,0,0.57,0,0,0.0,0.0,0.0,0.5,0.5,0.0,0.0,0.98,0
K_ft,B=0(无B),68,0,0.58,0,0,0.0,0.0,0.0,0.5,0.5,0.0,0.0,0.98,0
K_ft,B=0(无B),68,0,0.59,0,0,0.0,0.0,0.0,0.5,0.5,0.0,0.0,0.98,0
K_ft,B=0(无B),68,0,0.6,0,0,0.0,0.0,0.0,0.5,0.5,0.0,0.0,0.98,0
K_ft,B=0(无B),68,0,0.61,0,0,0.0,0.0,0.0,0.5,0.5,0.0,0.0,0.98,0
K_ft,B=0(无B),68,0,0.62,0,0,0.0,0.0,0.0,0.5,0.5,0.0,0.0,0.98,0
K_ft,B=0(无B),68,0,0.63,0,0,0.0,0.0,0.0,0.5,0.5,0.0,0.0,0.98,0
K_ft,B=0(无B),68,0,0.64,0,0,0.0,0.0,0.0,0.5,0.5,0.0,0.0,0.98,0
K_ft,B=0(无B),68,0,0.65,0,0,0.0,0.0,0.0,0.5,0.5,0.0,0.0,0.98,0
K_ft,B=0(无B),68,0,0.66,0,0,0.0,0.0,0.0,0.5,0.5,0.0,0.0,0.98,0
K_ft,B=0(无B),68,0,0.67,0,0,0.0,0.0,0.0,0.5,0.5,0.0,0.0,0.98,0
K_ft,B=0(无B),68,0,0.68,0,0,0.0,0.0,0.0,0.5,0.5,0.0,0.0,0.98,0
K_ft,B=0(无B),68,0,0.69,0,0,0.0,0.0,0.0,0.5,0.5,0.0,0.0,0.98,0
K_ft,B=0(无B),68,0,0.7,0,0,0.0,0.0,0.0,0.5,0.5,0.0,0.0,0.98,0
K_ft,B=0(无B),68,0,0.71,0,0,0.0,0.0,0.0,0.5,0.5,0.0,0.0,0.98,0
K_ft,B=0(无B),68,0,0.72,0,0,0.0,0.0,0.0,0.5,0.5,0.0,0.0,0.98,0
K_ft,B=0(无B),68,0,0.73,0,0,0.0,0.0,0.0,0.5,0.5,0.0,0.0,0.98,0
K_ft,B=0(无B),68,0,0.74,0,0,0.0,0.0,0.0,0.5,0.5,0.0,0.0,0.98,0
K_ft,B=0(无B),68,0,0.75,0,0,0.0,0.0,0.0,0.5,0.5,0.0,0.0,0.98,0
K_ft,B=0(无B),68,0,0.76,0,0,0.0,0.0,0.0,0.5,0.5,0.0,0.0,0.98,0
K_ft,B=0(无B),68,0,0.77,0,0,0.0,0.0,0.0,0.5,0.5,0.0,0.0,0.98,0
K_ft,B=0(无B),68,0,0.78,0,0,0.0,0.0,0.0,0.5,0.5,0.0,0.0,0.98,0
K_ft,B=0(无B),68,0,0.79,0,0,0.0,0.0,0.0,0.5,0.5,0.0,0.0,0.98,0
K_ft,B=0(无B),68,0,0.8,0,0,0.0,0.0,0.0,0.5,0.5,0.0,0.0,0.98,0
K_ft,B=0(无B),68,0,0.81,0,0,0.0,0.0,0.0,0.5,0.5,0.0,0.0,0.98,0
K_ft,B=0(无B),68,0,0.82,0,0,0.0,0.0,0.0,0.5,0.5,0.0,0.0,0.98,0
K_ft,B=0(无B),68,0,0.83,0,0,0.0,0.0,0.0,0.5,0.5,0.0,0.0,0.98,0
K_ft,B=0(无B),68,0,0.84,0,0,0.0,0.0,0.0,0.5,0.5,0.0,0.0,0.98,0
K_ft,B=0(无B),68,0,0.85,0,0,0.0,0.0,0.0,0.5,0.5,0.0,0.0,0.98,0
K_ft,B=0(无B),68,0,0.86,0,0,0.0,0.0,0.0,0.5,0.5,0.0,0.0,0.98,0
K_ft,B=0(无B),68,0,0.87,0,0,0.0,0.0,0.0,0.5,0.5,0.0,0.0,0.98,0
K_ft,B=0(无B),68,0,0.88,0,0,0.0,0.0,0.0,0.5,0.5,0.0,0.0,0.98,0
K_ft,B=0(无B),68,0,0.89,0,0,0.0,0.0,0.0,0.5,0.5,0.0,0.0,0.98,0
K_ft,B=0(无B),68,0,0.9,0,0,0.0,0.0,0.0,0.5,0.5,0.0,0.0,0.98,0
K_ft,B=0(无B),68,0,0.91,0,0,0.0,0.0,0.0,0.5,0.5,0.0,0.0,0.98,0
K_ft,B=0(无B),68,0,0.92,0,0,0.0,0.0,0.0,0.5,0.5,0.0,0.0,0.98,0
K_ft,B=0(无B),68,0,0.93,0,0,0.0,0.0,0.0,0.5,0.5,0.0,0.0,0.98,0
K_ft,B=0(无B),68,0,0.94,0,0,0.0,0.0,0.0,0.5,0.5,0.0,0.0,0.98,0
K_ft,B=0(无B),68,0,0.95,0,0,0.0,0.0,0.0,0.5,0.5,0.0,0.0,0.98,0
K_ft,B=0(无B),68,0,0.96,0,0,0.0,0.0,0.0,0.5,0.5,0.0,0.0,0.98,0
K_ft,B=0(无B),68,0,0.97,0,0,0.0,0.0,0.0,0.5,0.5,0.0,0.0,0.98,0
K_ft,B=0(无B),68,0,0.98,0,0,0.0,0.0,0.0,0.5,0.5,0.0,0.0,0.98,0
K_ft,B=0(无B),68,0,0.99,0,0,0.0,0.0,0.0,0.5,0.5,0.0,0.0,0.98,0
K_ft,B=0(无B),68,0,0.995,0,0,0.0,0.0,0.0,0.5,0.5,0.0,0.0,0.98,0
K_ft,1-B,141,98,0.5,2,2,2.04,0.93,37.96,0.96,0.96,29.59,27.55,0.98,0
K_ft,1-B,141,98,0.51,4,3,4.08,1.85,37.96,0.96,0.96,29.59,27.55,0.98,0
K_ft,1-B,141,98,0.52,4,3,4.08,1.85,37.5,0.96,0.96,29.59,27.55,0.98,0
K_ft,1-B,141,98,0.53,4,3,4.08,1.85,36.57,0.96,0.96,29.59,27.55,0.98,0
K_ft,1-B,141,98,0.54,4,3,4.08,1.85,36.57,0.96,0.96,29.59,27.55,0.98,0
K_ft,1-B,141,98,0.55,4,3,4.08,1.85,36.57,0.96,0.96,29.59,27.55,0.98,0
K_ft,1-B,141,98,0.56,4,3,4.08,1.85,36.57,0.96,0.96,29.59,27.55,0.98,0
K_ft,1-B,141,98,0.57,4,3,4.08,1.85,36.57,0.96,0.96,29.59,27.55,0.98,0
K_ft,1-B,141,98,0.58,4,3,4.08,1.85,35.65,0.96,0.96,29.59,27.55,0.98,0
K_ft,1-B,141,98,0.59,4,3,4.08,1.85,35.65,0.96,0.96,29.59,27.55,0.98,0
K_ft,1-B,141,98,0.6,4,3,4.08,1.85,35.65,0.96,0.96,29.59,27.55,0.98,0
K_ft,1-B,141,98,0.61,4,3,4.08,1.85,35.65,0.96,0.96,29.59,27.55,0.98,0
K_ft,1-B,141,98,0.62,4,3,4.08,1.85,35.19,0.96,0.96,29.59,27.55,0.98,0
K_ft,1-B,141,98,0.63,4,3,4.08,1.85,35.19,0.96,0.96,29.59,27.55,0.98,0
K_ft,1-B,141,98,0.64,5,3,5.1,2.31,35.19,0.96,0.96,29.59,27.55,0.98,0
K_ft,1-B,141,98,0.65,5,3,5.1,2.31,35.19,0.96,0.96,29.59,27.55,0.98,0
K_ft,1-B,141,98,0.66,6,4,6.12,2.78,34.72,0.96,0.96,29.59,27.55,0.98,0
K_ft,1-B,141,98,0.67,7,5,7.14,3.24,34.26,0.96,0.96,29.59,27.55,0.98,0
K_ft,1-B,141,98,0.68,8,6,8.16,3.7,33.8,0.96,0.96,29.59,27.55,0.98,0
K_ft,1-B,141,98,0.69,8,6,8.16,3.7,33.8,0.96,0.96,29.59,27.55,0.98,0
K_ft,1-B,141,98,0.7,9,6,9.18,4.17,33.33,0.96,0.96,29.59,27.55,0.98,0
K_ft,1-B,141,98,0.71,9,6,9.18,4.17,33.33,0.96,0.96,29.59,27.55,0.98,0
K_ft,1-B,141,98,0.72,9,6,9.18,4.17,32.87,0.96,0.96,29.59,27.55,0.98,0
K_ft,1-B,141,98,0.73,9,6,9.18,4.17,32.41,0.96,0.96,29.59,27.55,0.98,0
K_ft,1-B,141,98,0.74,11,8,11.22,5.09,32.41,0.96,0.96,29.59,27.55,0.98,0
K_ft,1-B,141,98,0.75,11,9,11.22,5.09,32.41,0.96,0.96,29.59,27.55,0.98,0
K_ft,1-B,141,98,0.76,11,9,11.22,5.09,31.94,0.96,0.96,29.59,27.55,0.98,0
K_ft,1-B,141,98,0.77,11,9,11.22,5.09,31.94,0.96,0.96,29.59,27.55,0.98,0
K_ft,1-B,141,98,0.78,12,9,12.24,5.56,31.94,0.96,0.96,29.59,27.55,0.98,0
K_ft,1-B,141,98,0.79,13,10,13.27,6.02,31.94,0.96,0.96,29.59,27.55,0.98,0
K_ft,1-B,141,98,0.8,14,10,14.29,6.48,31.94,0.96,0.96,29.59,27.55,0.98,0
K_ft,1-B,141,98,0.81,14,10,14.29,6.48,31.48,0.96,0.96,29.59,27.55,0.98,0
K_ft,1-B,141,98,0.82,14,10,14.29,6.48,31.02,0.96,0.96,29.59,27.55,0.98,0
K_ft,1-B,141,98,0.83,14,10,14.29,6.48,30.56,0.96,0.96,29.59,27.55,0.98,0
K_ft,1-B,141,98,0.84,15,11,15.31,6.94,29.63,0.96,0.96,29.59,27.55,0.98,0
K_ft,1-B,141,98,0.85,16,12,16.33,7.41,29.17,0.96,0.96,29.59,27.55,0.98,0
K_ft,1-B,141,98,0.86,17,13,17.35,7.87,28.7,0.96,0.96,29.59,27.55,0.98,0
K_ft,1-B,141,98,0.87,15,11,15.31,6.94,27.31,0.96,0.96,29.59,27.55,0.98,0
K_ft,1-B,141,98,0.88,14,10,14.29,6.48,25.93,0.96,0.96,29.59,27.55,0.98,0
K_ft,1-B,141,98,0.89,15,11,15.31,6.94,25.93,0.96,0.96,29.59,27.55,0.98,0
K_ft,1-B,141,98,0.9,17,12,17.35,7.87,25.46,0.96,0.96,29.59,27.55,0.98,0
K_ft,1-B,141,98,0.91,18,13,18.37,8.33,25.46,0.96,0.96,29.59,27.55,0.98,0
K_ft,1-B,141,98,0.92,20,15,20.41,9.26,24.07,0.96,0.96,29.59,27.55,0.98,0
K_ft,1-B,141,98,0.93,22,17,22.45,10.19,23.15,0.96,0.96,29.59,27.55,0.98,0
K_ft,1-B,141,98,0.94,25,19,25.51,11.57,21.76,0.96,0.96,29.59,27.55,0.98,0
K_ft,1-B,141,98,0.95,27,22,27.55,12.5,20.83,0.96,0.96,29.59,27.55,0.98,0
K_ft,1-B,141,98,0.96,29,22,29.59,13.43,19.44,0.96,0.96,29.59,27.55,0.98,1
K_ft,1-B,141,98,0.97,28,20,28.57,12.96,17.59,0.96,0.96,29.59,27.55,0.98,0
K_ft,1-B,141,98,0.98,27,19,27.55,12.5,15.74,0.96,0.96,29.59,27.55,0.98,0
K_ft,1-B,141,98,0.99,18,13,18.37,8.33,9.72,0.96,0.96,29.59,27.55,0.98,0
K_ft,1-B,141,98,0.995,11,8,11.22,5.09,5.56,0.96,0.96,29.59,27.55,0.98,0
K_ft,2-B,91,118,0.5,2,2,1.69,0.93,47.22,0.99,0.99,17.8,16.95,0.98,0
K_ft,2-B,91,118,0.51,2,2,1.69,0.93,47.22,0.99,0.99,17.8,16.95,0.98,0
K_ft,2-B,91,118,0.52,2,2,1.69,0.93,47.22,0.99,0.99,17.8,16.95,0.98,0
K_ft,2-B,91,118,0.53,2,2,1.69,0.93,47.22,0.99,0.99,17.8,16.95,0.98,0
K_ft,2-B,91,118,0.54,2,2,1.69,0.93,47.22,0.99,0.99,17.8,16.95,0.98,0
K_ft,2-B,91,118,0.55,2,2,1.69,0.93,47.22,0.99,0.99,17.8,16.95,0.98,0
K_ft,2-B,91,118,0.56,2,2,1.69,0.93,47.22,0.99,0.99,17.8,16.95,0.98,0
K_ft,2-B,91,118,0.57,2,2,1.69,0.93,46.76,0.99,0.99,17.8,16.95,0.98,0
K_ft,2-B,91,118,0.58,1,1,0.85,0.46,45.83,0.99,0.99,17.8,16.95,0.98,0
K_ft,2-B,91,118,0.59,1,1,0.85,0.46,45.83,0.99,0.99,17.8,16.95,0.98,0
K_ft,2-B,91,118,0.6,1,1,0.85,0.46,45.37,0.99,0.99,17.8,16.95,0.98,0
K_ft,2-B,91,118,0.61,2,2,1.69,0.93,45.37,0.99,0.99,17.8,16.95,0.98,0
K_ft,2-B,91,118,0.62,2,2,1.69,0.93,45.37,0.99,0.99,17.8,16.95,0.98,0
K_ft,2-B,91,118,0.63,2,2,1.69,0.93,45.37,0.99,0.99,17.8,16.95,0.98,0
K_ft,2-B,91,118,0.64,2,2,1.69,0.93,45.37,0.99,0.99,17.8,16.95,0.98,0
K_ft,2-B,91,118,0.65,2,2,1.69,0.93,44.91,0.99,0.99,17.8,16.95,0.98,0
K_ft,2-B,91,118,0.66,2,2,1.69,0.93,44.91,0.99,0.99,17.8,16.95,0.98,0
K_ft,2-B,91,118,0.67,2,2,1.69,0.93,44.91,0.99,0.99,17.8,16.95,0.98,0
K_ft,2-B,91,118,0.68,2,2,1.69,0.93,44.44,0.99,0.99,17.8,16.95,0.98,0
K_ft,2-B,91,118,0.69,2,2,1.69,0.93,43.52,0.99,0.99,17.8,16.95,0.98,0
K_ft,2-B,91,118,0.7,2,2,1.69,0.93,43.52,0.99,0.99,17.8,16.95,0.98,0
K_ft,2-B,91,118,0.71,2,2,1.69,0.93,43.06,0.99,0.99,17.8,16.95,0.98,0
K_ft,2-B,91,118,0.72,2,2,1.69,0.93,42.59,0.99,0.99,17.8,16.95,0.98,0
K_ft,2-B,91,118,0.73,2,2,1.69,0.93,42.59,0.99,0.99,17.8,16.95,0.98,0
K_ft,2-B,91,118,0.74,3,3,2.54,1.39,42.59,0.99,0.99,17.8,16.95,0.98,0
K_ft,2-B,91,118,0.75,3,3,2.54,1.39,42.13,0.99,0.99,17.8,16.95,0.98,0
K_ft,2-B,91,118,0.76,3,3,2.54,1.39,41.67,0.99,0.99,17.8,16.95,0.98,0
K_ft,2-B,91,118,0.77,6,4,5.08,2.78,41.67,0.99,0.99,17.8,16.95,0.98,0
K_ft,2-B,91,118,0.78,7,5,5.93,3.24,41.67,0.99,0.99,17.8,16.95,0.98,0
K_ft,2-B,91,118,0.79,7,5,5.93,3.24,41.2,0.99,0.99,17.8,16.95,0.98,0
K_ft,2-B,91,118,0.8,7,5,5.93,3.24,40.74,0.99,0.99,17.8,16.95,0.98,0
K_ft,2-B,91,118,0.81,7,5,5.93,3.24,40.74,0.99,0.99,17.8,16.95,0.98,0
K_ft,2-B,91,118,0.82,7,5,5.93,3.24,40.28,0.99,0.99,17.8,16.95,0.98,0
K_ft,2-B,91,118,0.83,7,5,5.93,3.24,39.35,0.99,0.99,17.8,16.95,0.98,0
K_ft,2-B,91,118,0.84,6,4,5.08,2.78,37.5,0.99,0.99,17.8,16.95,0.98,0
K_ft,2-B,91,118,0.85,6,4,5.08,2.78,37.5,0.99,0.99,17.8,16.95,0.98,0
K_ft,2-B,91,118,0.86,6,4,5.08,2.78,37.5,0.99,0.99,17.8,16.95,0.98,0
K_ft,2-B,91,118,0.87,6,4,5.08,2.78,36.57,0.99,0.99,17.8,16.95,0.98,0
K_ft,2-B,91,118,0.88,6,4,5.08,2.78,35.19,0.99,0.99,17.8,16.95,0.98,0
K_ft,2-B,91,118,0.89,5,3,4.24,2.31,33.8,0.99,0.99,17.8,16.95,0.98,0
K_ft,2-B,91,118,0.9,5,3,4.24,2.31,33.8,0.99,0.99,17.8,16.95,0.98,0
K_ft,2-B,91,118,0.91,5,3,4.24,2.31,33.33,0.99,0.99,17.8,16.95,0.98,0
K_ft,2-B,91,118,0.92,7,5,5.93,3.24,32.87,0.99,0.99,17.8,16.95,0.98,0
K_ft,2-B,91,118,0.93,8,6,6.78,3.7,31.48,0.99,0.99,17.8,16.95,0.98,0
K_ft,2-B,91,118,0.94,8,6,6.78,3.7,29.63,0.99,0.99,17.8,16.95,0.98,0
K_ft,2-B,91,118,0.95,11,8,9.32,5.09,29.17,0.99,0.99,17.8,16.95,0.98,0
K_ft,2-B,91,118,0.96,13,8,11.02,6.02,28.24,0.99,0.99,17.8,16.95,0.98,0
K_ft,2-B,91,118,0.97,17,10,14.41,7.87,25.0,0.99,0.99,17.8,16.95,0.98,0
K_ft,2-B,91,118,0.98,20,12,16.95,9.26,19.91,0.99,0.99,17.8,16.95,0.98,0
K_ft,2-B,91,118,0.99,21,11,17.8,9.72,15.28,0.99,0.99,17.8,16.95,0.98,1
K_ft,2-B,91,118,0.995,19,13,16.1,8.8,10.19,0.99,0.99,17.8,16.95,0.98,0
K_chain,K=0(无真值链),135,0,0.5,0,0,0.0,0.0,0.0,0.5,0.5,0.0,0.0,0.98,1
K_chain,K=0(无真值链),135,0,0.51,0,0,0.0,0.0,0.0,0.5,0.5,0.0,0.0,0.98,0
K_chain,K=0(无真值链),135,0,0.52,0,0,0.0,0.0,0.0,0.5,0.5,0.0,0.0,0.98,0
K_chain,K=0(无真值链),135,0,0.53,0,0,0.0,0.0,0.0,0.5,0.5,0.0,0.0,0.98,0
K_chain,K=0(无真值链),135,0,0.54,0,0,0.0,0.0,0.0,0.5,0.5,0.0,0.0,0.98,0
K_chain,K=0(无真值链),135,0,0.55,0,0,0.0,0.0,0.0,0.5,0.5,0.0,0.0,0.98,0
K_chain,K=0(无真值链),135,0,0.56,0,0,0.0,0.0,0.0,0.5,0.5,0.0,0.0,0.98,0
K_chain,K=0(无真值链),135,0,0.57,0,0,0.0,0.0,0.0,0.5,0.5,0.0,0.0,0.98,0
K_chain,K=0(无真值链),135,0,0.58,0,0,0.0,0.0,0.0,0.5,0.5,0.0,0.0,0.98,0
K_chain,K=0(无真值链),135,0,0.59,0,0,0.0,0.0,0.0,0.5,0.5,0.0,0.0,0.98,0
K_chain,K=0(无真值链),135,0,0.6,0,0,0.0,0.0,0.0,0.5,0.5,0.0,0.0,0.98,0
K_chain,K=0(无真值链),135,0,0.61,0,0,0.0,0.0,0.0,0.5,0.5,0.0,0.0,0.98,0
K_chain,K=0(无真值链),135,0,0.62,0,0,0.0,0.0,0.0,0.5,0.5,0.0,0.0,0.98,0
K_chain,K=0(无真值链),135,0,0.63,0,0,0.0,0.0,0.0,0.5,0.5,0.0,0.0,0.98,0
K_chain,K=0(无真值链),135,0,0.64,0,0,0.0,0.0,0.0,0.5,0.5,0.0,0.0,0.98,0
K_chain,K=0(无真值链),135,0,0.65,0,0,0.0,0.0,0.0,0.5,0.5,0.0,0.0,0.98,0
K_chain,K=0(无真值链),135,0,0.66,0,0,0.0,0.0,0.0,0.5,0.5,0.0,0.0,0.98,0
K_chain,K=0(无真值链),135,0,0.67,0,0,0.0,0.0,0.0,0.5,0.5,0.0,0.0,0.98,0
K_chain,K=0(无真值链),135,0,0.68,0,0,0.0,0.0,0.0,0.5,0.5,0.0,0.0,0.98,0
K_chain,K=0(无真值链),135,0,0.69,0,0,0.0,0.0,0.0,0.5,0.5,0.0,0.0,0.98,0
K_chain,K=0(无真值链),135,0,0.7,0,0,0.0,0.0,0.0,0.5,0.5,0.0,0.0,0.98,0
K_chain,K=0(无真值链),135,0,0.71,0,0,0.0,0.0,0.0,0.5,0.5,0.0,0.0,0.98,0
K_chain,K=0(无真值链),135,0,0.72,0,0,0.0,0.0,0.0,0.5,0.5,0.0,0.0,0.98,0
K_chain,K=0(无真值链),135,0,0.73,0,0,0.0,0.0,0.0,0.5,0.5,0.0,0.0,0.98,0
K_chain,K=0(无真值链),135,0,0.74,0,0,0.0,0.0,0.0,0.5,0.5,0.0,0.0,0.98,0
K_chain,K=0(无真值链),135,0,0.75,0,0,0.0,0.0,0.0,0.5,0.5,0.0,0.0,0.98,0
K_chain,K=0(无真值链),135,0,0.76,0,0,0.0,0.0,0.0,0.5,0.5,0.0,0.0,0.98,0
K_chain,K=0(无真值链),135,0,0.77,0,0,0.0,0.0,0.0,0.5,0.5,0.0,0.0,0.98,0
K_chain,K=0(无真值链),135,0,0.78,0,0,0.0,0.0,0.0,0.5,0.5,0.0,0.0,0.98,0
K_chain,K=0(无真值链),135,0,0.79,0,0,0.0,0.0,0.0,0.5,0.5,0.0,0.0,0.98,0
K_chain,K=0(无真值链),135,0,0.8,0,0,0.0,0.0,0.0,0.5,0.5,0.0,0.0,0.98,0
K_chain,K=0(无真值链),135,0,0.81,0,0,0.0,0.0,0.0,0.5,0.5,0.0,0.0,0.98,0
K_chain,K=0(无真值链),135,0,0.82,0,0,0.0,0.0,0.0,0.5,0.5,0.0,0.0,0.98,0
K_chain,K=0(无真值链),135,0,0.83,0,0,0.0,0.0,0.0,0.5,0.5,0.0,0.0,0.98,0
K_chain,K=0(无真值链),135,0,0.84,0,0,0.0,0.0,0.0,0.5,0.5,0.0,0.0,0.98,0
K_chain,K=0(无真值链),135,0,0.85,0,0,0.0,0.0,0.0,0.5,0.5,0.0,0.0,0.98,0
K_chain,K=0(无真值链),135,0,0.86,0,0,0.0,0.0,0.0,0.5,0.5,0.0,0.0,0.98,0
K_chain,K=0(无真值链),135,0,0.87,0,0,0.0,0.0,0.0,0.5,0.5,0.0,0.0,0.98,0
K_chain,K=0(无真值链),135,0,0.88,0,0,0.0,0.0,0.0,0.5,0.5,0.0,0.0,0.98,0
K_chain,K=0(无真值链),135,0,0.89,0,0,0.0,0.0,0.0,0.5,0.5,0.0,0.0,0.98,0
K_chain,K=0(无真值链),135,0,0.9,0,0,0.0,0.0,0.0,0.5,0.5,0.0,0.0,0.98,0
K_chain,K=0(无真值链),135,0,0.91,0,0,0.0,0.0,0.0,0.5,0.5,0.0,0.0,0.98,0
K_chain,K=0(无真值链),135,0,0.92,0,0,0.0,0.0,0.0,0.5,0.5,0.0,0.0,0.98,0
K_chain,K=0(无真值链),135,0,0.93,0,0,0.0,0.0,0.0,0.5,0.5,0.0,0.0,0.98,0
K_chain,K=0(无真值链),135,0,0.94,0,0,0.0,0.0,0.0,0.5,0.5,0.0,0.0,0.98,0
K_chain,K=0(无真值链),135,0,0.95,0,0,0.0,0.0,0.0,0.5,0.5,0.0,0.0,0.98,0
K_chain,K=0(无真值链),135,0,0.96,0,0,0.0,0.0,0.0,0.5,0.5,0.0,0.0,0.98,0
K_chain,K=0(无真值链),135,0,0.97,0,0,0.0,0.0,0.0,0.5,0.5,0.0,0.0,0.98,0
K_chain,K=0(无真值链),135,0,0.98,0,0,0.0,0.0,0.0,0.5,0.5,0.0,0.0,0.98,0
K_chain,K=0(无真值链),135,0,0.99,0,0,0.0,0.0,0.0,0.5,0.5,0.0,0.0,0.98,0
K_chain,K=0(无真值链),135,0,0.995,0,0,0.0,0.0,0.0,0.5,0.5,0.0,0.0,0.98,0
K_chain,K=1,114,114,0.5,3,3,2.63,1.39,45.37,0.97,0.97,29.82,28.95,0.98,0
K_chain,K=1,114,114,0.51,5,4,4.39,2.31,45.37,0.97,0.97,29.82,28.95,0.98,0
K_chain,K=1,114,114,0.52,5,4,4.39,2.31,44.91,0.97,0.97,29.82,28.95,0.98,0
K_chain,K=1,114,114,0.53,5,4,4.39,2.31,43.98,0.97,0.97,29.82,28.95,0.98,0
K_chain,K=1,114,114,0.54,5,4,4.39,2.31,43.98,0.97,0.97,29.82,28.95,0.98,0
K_chain,K=1,114,114,0.55,5,4,4.39,2.31,43.98,0.97,0.97,29.82,28.95,0.98,0
K_chain,K=1,114,114,0.56,5,4,4.39,2.31,43.98,0.97,0.97,29.82,28.95,0.98,0
K_chain,K=1,114,114,0.57,5,4,4.39,2.31,43.98,0.97,0.97,29.82,28.95,0.98,0
K_chain,K=1,114,114,0.58,5,4,4.39,2.31,43.52,0.97,0.97,29.82,28.95,0.98,0
K_chain,K=1,114,114,0.59,5,4,4.39,2.31,43.52,0.97,0.97,29.82,28.95,0.98,0
K_chain,K=1,114,114,0.6,5,4,4.39,2.31,43.52,0.97,0.97,29.82,28.95,0.98,0
K_chain,K=1,114,114,0.61,5,4,4.39,2.31,43.52,0.97,0.97,29.82,28.95,0.98,0
K_chain,K=1,114,114,0.62,5,4,4.39,2.31,43.06,0.97,0.97,29.82,28.95,0.98,0
K_chain,K=1,114,114,0.63,5,4,4.39,2.31,43.06,0.97,0.97,29.82,28.95,0.98,0
K_chain,K=1,114,114,0.64,6,4,5.26,2.78,43.06,0.97,0.97,29.82,28.95,0.98,0
K_chain,K=1,114,114,0.65,6,4,5.26,2.78,42.59,0.97,0.97,29.82,28.95,0.98,0
K_chain,K=1,114,114,0.66,7,5,6.14,3.24,42.13,0.97,0.97,29.82,28.95,0.98,0
K_chain,K=1,114,114,0.67,8,6,7.02,3.7,41.67,0.97,0.97,29.82,28.95,0.98,0
K_chain,K=1,114,114,0.68,9,7,7.89,4.17,40.74,0.97,0.97,29.82,28.95,0.98,0
K_chain,K=1,114,114,0.69,9,7,7.89,4.17,40.74,0.97,0.97,29.82,28.95,0.98,0
K_chain,K=1,114,114,0.7,10,7,8.77,4.63,40.28,0.97,0.97,29.82,28.95,0.98,0
K_chain,K=1,114,114,0.71,10,7,8.77,4.63,39.81,0.97,0.97,29.82,28.95,0.98,0
K_chain,K=1,114,114,0.72,10,7,8.77,4.63,39.81,0.97,0.97,29.82,28.95,0.98,0
K_chain,K=1,114,114,0.73,10,7,8.77,4.63,39.35,0.97,0.97,29.82,28.95,0.98,0
K_chain,K=1,114,114,0.74,12,9,10.53,5.56,39.35,0.97,0.97,29.82,28.95,0.98,0
K_chain,K=1,114,114,0.75,12,10,10.53,5.56,39.35,0.97,0.97,29.82,28.95,0.98,0
K_chain,K=1,114,114,0.76,12,10,10.53,5.56,38.43,0.97,0.97,29.82,28.95,0.98,0
K_chain,K=1,114,114,0.77,15,11,13.16,6.94,38.43,0.97,0.97,29.82,28.95,0.98,0
K_chain,K=1,114,114,0.78,16,11,14.04,7.41,38.43,0.97,0.97,29.82,28.95,0.98,0
K_chain,K=1,114,114,0.79,17,12,14.91,7.87,37.96,0.97,0.97,29.82,28.95,0.98,0
K_chain,K=1,114,114,0.8,18,12,15.79,8.33,37.96,0.97,0.97,29.82,28.95,0.98,0
K_chain,K=1,114,114,0.81,18,12,15.79,8.33,37.96,0.97,0.97,29.82,28.95,0.98,0
K_chain,K=1,114,114,0.82,18,12,15.79,8.33,37.5,0.97,0.97,29.82,28.95,0.98,0
K_chain,K=1,114,114,0.83,18,12,15.79,8.33,36.57,0.97,0.97,29.82,28.95,0.98,0
K_chain,K=1,114,114,0.84,18,12,15.79,8.33,35.19,0.97,0.97,29.82,28.95,0.98,0
K_chain,K=1,114,114,0.85,19,13,16.67,8.8,34.72,0.97,0.97,29.82,28.95,0.98,0
K_chain,K=1,114,114,0.86,20,14,17.54,9.26,34.26,0.97,0.97,29.82,28.95,0.98,0
K_chain,K=1,114,114,0.87,18,12,15.79,8.33,32.87,0.97,0.97,29.82,28.95,0.98,0
K_chain,K=1,114,114,0.88,17,11,14.91,7.87,31.02,0.97,0.97,29.82,28.95,0.98,0
K_chain,K=1,114,114,0.89,18,12,15.79,8.33,31.02,0.97,0.97,29.82,28.95,0.98,0
K_chain,K=1,114,114,0.9,20,13,17.54,9.26,30.56,0.97,0.97,29.82,28.95,0.98,0
K_chain,K=1,114,114,0.91,21,14,18.42,9.72,30.56,0.97,0.97,29.82,28.95,0.98,0
K_chain,K=1,114,114,0.92,25,18,21.93,11.57,29.17,0.97,0.97,29.82,28.95,0.98,0
K_chain,K=1,114,114,0.93,28,21,24.56,12.96,27.78,0.97,0.97,29.82,28.95,0.98,0
K_chain,K=1,114,114,0.94,30,22,26.32,13.89,25.93,0.97,0.97,29.82,28.95,0.98,0
K_chain,K=1,114,114,0.95,31,24,27.19,14.35,24.54,0.97,0.97,29.82,28.95,0.98,0
K_chain,K=1,114,114,0.96,33,24,28.95,15.28,23.61,0.97,0.97,29.82,28.95,0.98,0
K_chain,K=1,114,114,0.97,34,24,29.82,15.74,21.3,0.97,0.97,29.82,28.95,0.98,1
K_chain,K=1,114,114,0.98,33,24,28.95,15.28,18.06,0.97,0.97,29.82,28.95,0.98,0
K_chain,K=1,114,114,0.99,24,19,21.05,11.11,12.04,0.97,0.97,29.82,28.95,0.98,0
K_chain,K=1,114,114,0.995,15,12,13.16,6.94,7.87,0.97,0.97,29.82,28.95,0.98,0
K_chain,K=2,51,102,0.5,1,1,0.98,0.46,39.81,0.99,0.995,14.71,13.73,0.98,0
K_chain,K=2,51,102,0.51,1,1,0.98,0.46,39.81,0.99,0.995,14.71,13.73,0.98,0
K_chain,K=2,51,102,0.52,1,1,0.98,0.46,39.81,0.99,0.995,14.71,13.73,0.98,0
K_chain,K=2,51,102,0.53,1,1,0.98,0.46,39.81,0.99,0.995,14.71,13.73,0.98,0
K_chain,K=2,51,102,0.54,1,1,0.98,0.46,39.81,0.99,0.995,14.71,13.73,0.98,0
K_chain,K=2,51,102,0.55,1,1,0.98,0.46,39.81,0.99,0.995,14.71,13.73,0.98,0
K_chain,K=2,51,102,0.56,1,1,0.98,0.46,39.81,0.99,0.995,14.71,13.73,0.98,0
K_chain,K=2,51,102,0.57,1,1,0.98,0.46,39.35,0.99,0.995,14.71,13.73,0.98,0
K_chain,K=2,51,102,0.58,0,0,0.0,0.0,37.96,0.99,0.995,14.71,13.73,0.98,0
K_chain,K=2,51,102,0.59,0,0,0.0,0.0,37.96,0.99,0.995,14.71,13.73,0.98,0
K_chain,K=2,51,102,0.6,0,0,0.0,0.0,37.5,0.99,0.995,14.71,13.73,0.98,0
K_chain,K=2,51,102,0.61,1,1,0.98,0.46,37.5,0.99,0.995,14.71,13.73,0.98,0
K_chain,K=2,51,102,0.62,1,1,0.98,0.46,37.5,0.99,0.995,14.71,13.73,0.98,0
K_chain,K=2,51,102,0.63,1,1,0.98,0.46,37.5,0.99,0.995,14.71,13.73,0.98,0
K_chain,K=2,51,102,0.64,1,1,0.98,0.46,37.5,0.99,0.995,14.71,13.73,0.98,0
K_chain,K=2,51,102,0.65,1,1,0.98,0.46,37.5,0.99,0.995,14.71,13.73,0.98,0
K_chain,K=2,51,102,0.66,1,1,0.98,0.46,37.5,0.99,0.995,14.71,13.73,0.98,0
K_chain,K=2,51,102,0.67,1,1,0.98,0.46,37.5,0.99,0.995,14.71,13.73,0.98,0
K_chain,K=2,51,102,0.68,1,1,0.98,0.46,37.5,0.99,0.995,14.71,13.73,0.98,0
K_chain,K=2,51,102,0.69,1,1,0.98,0.46,36.57,0.99,0.995,14.71,13.73,0.98,0
K_chain,K=2,51,102,0.7,1,1,0.98,0.46,36.57,0.99,0.995,14.71,13.73,0.98,0
K_chain,K=2,51,102,0.71,1,1,0.98,0.46,36.57,0.99,0.995,14.71,13.73,0.98,0
K_chain,K=2,51,102,0.72,1,1,0.98,0.46,35.65,0.99,0.995,14.71,13.73,0.98,0
K_chain,K=2,51,102,0.73,1,1,0.98,0.46,35.65,0.99,0.995,14.71,13.73,0.98,0
K_chain,K=2,51,102,0.74,2,2,1.96,0.93,35.65,0.99,0.995,14.71,13.73,0.98,0
K_chain,K=2,51,102,0.75,2,2,1.96,0.93,35.19,0.99,0.995,14.71,13.73,0.98,0
K_chain,K=2,51,102,0.76,2,2,1.96,0.93,35.19,0.99,0.995,14.71,13.73,0.98,0
K_chain,K=2,51,102,0.77,2,2,1.96,0.93,35.19,0.99,0.995,14.71,13.73,0.98,0
K_chain,K=2,51,102,0.78,3,3,2.94,1.39,35.19,0.99,0.995,14.71,13.73,0.98,0
K_chain,K=2,51,102,0.79,3,3,2.94,1.39,35.19,0.99,0.995,14.71,13.73,0.98,0
K_chain,K=2,51,102,0.8,3,3,2.94,1.39,34.72,0.99,0.995,14.71,13.73,0.98,0
K_chain,K=2,51,102,0.81,3,3,2.94,1.39,34.26,0.99,0.995,14.71,13.73,0.98,0
K_chain,K=2,51,102,0.82,3,3,2.94,1.39,33.8,0.99,0.995,14.71,13.73,0.98,0
K_chain,K=2,51,102,0.83,3,3,2.94,1.39,33.33,0.99,0.995,14.71,13.73,0.98,0
K_chain,K=2,51,102,0.84,3,3,2.94,1.39,31.94,0.99,0.995,14.71,13.73,0.98,0
K_chain,K=2,51,102,0.85,3,3,2.94,1.39,31.94,0.99,0.995,14.71,13.73,0.98,0
K_chain,K=2,51,102,0.86,3,3,2.94,1.39,31.94,0.99,0.995,14.71,13.73,0.98,0
K_chain,K=2,51,102,0.87,3,3,2.94,1.39,31.02,0.99,0.995,14.71,13.73,0.98,0
K_chain,K=2,51,102,0.88,3,3,2.94,1.39,30.09,0.99,0.995,14.71,13.73,0.98,0
K_chain,K=2,51,102,0.89,2,2,1.96,0.93,28.7,0.99,0.995,14.71,13.73,0.98,0
K_chain,K=2,51,102,0.9,2,2,1.96,0.93,28.7,0.99,0.995,14.71,13.73,0.98,0
K_chain,K=2,51,102,0.91,2,2,1.96,0.93,28.24,0.99,0.995,14.71,13.73,0.98,0
K_chain,K=2,51,102,0.92,2,2,1.96,0.93,27.78,0.99,0.995,14.71,13.73,0.98,0
K_chain,K=2,51,102,0.93,2,2,1.96,0.93,26.85,0.99,0.995,14.71,13.73,0.98,0
K_chain,K=2,51,102,0.94,3,3,2.94,1.39,25.46,0.99,0.995,14.71,13.73,0.98,0
K_chain,K=2,51,102,0.95,7,6,6.86,3.24,25.46,0.99,0.995,14.71,13.73,0.98,0
K_chain,K=2,51,102,0.96,9,6,8.82,4.17,24.07,0.99,0.995,14.71,13.73,0.98,0
K_chain,K=2,51,102,0.97,11,6,10.78,5.09,21.3,0.99,0.995,14.71,13.73,0.98,0
K_chain,K=2,51,102,0.98,14,7,13.73,6.48,17.59,0.99,0.995,14.71,13.73,0.98,0
K_chain,K=2,51,102,0.99,15,5,14.71,6.94,12.96,0.99,0.995,14.71,13.73,0.98,1
K_chain,K=2,51,102,0.995,15,9,14.71,6.94,7.87,0.99,0.995,14.71,13.73,0.98,0
ntracks,径迹数 low(<= 50),100,75,0.5,3,3,4.0,1.39,32.87,0.95,0.95,22.67,21.33,0.98,0
ntracks,径迹数 low(<= 50),100,75,0.51,3,3,4.0,1.39,32.87,0.95,0.95,22.67,21.33,0.98,0
ntracks,径迹数 low(<= 50),100,75,0.52,3,3,4.0,1.39,32.87,0.95,0.95,22.67,21.33,0.98,0
ntracks,径迹数 low(<= 50),100,75,0.53,3,3,4.0,1.39,32.87,0.95,0.95,22.67,21.33,0.98,0
ntracks,径迹数 low(<= 50),100,75,0.54,3,3,4.0,1.39,32.87,0.95,0.95,22.67,21.33,0.98,0
ntracks,径迹数 low(<= 50),100,75,0.55,3,3,4.0,1.39,32.87,0.95,0.95,22.67,21.33,0.98,0
ntracks,径迹数 low(<= 50),100,75,0.56,3,3,4.0,1.39,32.87,0.95,0.95,22.67,21.33,0.98,0
ntracks,径迹数 low(<= 50),100,75,0.57,3,3,4.0,1.39,32.87,0.95,0.95,22.67,21.33,0.98,0
ntracks,径迹数 low(<= 50),100,75,0.58,1,1,1.33,0.46,31.48,0.95,0.95,22.67,21.33,0.98,0
ntracks,径迹数 low(<= 50),100,75,0.59,1,1,1.33,0.46,31.48,0.95,0.95,22.67,21.33,0.98,0
ntracks,径迹数 low(<= 50),100,75,0.6,1,1,1.33,0.46,31.48,0.95,0.95,22.67,21.33,0.98,0
ntracks,径迹数 low(<= 50),100,75,0.61,1,1,1.33,0.46,31.48,0.95,0.95,22.67,21.33,0.98,0
ntracks,径迹数 low(<= 50),100,75,0.62,1,1,1.33,0.46,31.48,0.95,0.95,22.67,21.33,0.98,0
ntracks,径迹数 low(<= 50),100,75,0.63,1,1,1.33,0.46,31.48,0.95,0.95,22.67,21.33,0.98,0
ntracks,径迹数 low(<= 50),100,75,0.64,2,1,2.67,0.93,31.48,0.95,0.95,22.67,21.33,0.98,0
ntracks,径迹数 low(<= 50),100,75,0.65,2,1,2.67,0.93,31.48,0.95,0.95,22.67,21.33,0.98,0
ntracks,径迹数 low(<= 50),100,75,0.66,3,2,4.0,1.39,31.02,0.95,0.95,22.67,21.33,0.98,0
ntracks,径迹数 low(<= 50),100,75,0.67,4,3,5.33,1.85,30.56,0.95,0.95,22.67,21.33,0.98,0
ntracks,径迹数 low(<= 50),100,75,0.68,4,3,5.33,1.85,30.09,0.95,0.95,22.67,21.33,0.98,0
ntracks,径迹数 low(<= 50),100,75,0.69,4,3,5.33,1.85,30.09,0.95,0.95,22.67,21.33,0.98,0
ntracks,径迹数 low(<= 50),100,75,0.7,4,3,5.33,1.85,29.63,0.95,0.95,22.67,21.33,0.98,0
ntracks,径迹数 low(<= 50),100,75,0.71,4,3,5.33,1.85,29.63,0.95,0.95,22.67,21.33,0.98,0
ntracks,径迹数 low(<= 50),100,75,0.72,4,3,5.33,1.85,29.17,0.95,0.95,22.67,21.33,0.98,0
ntracks,径迹数 low(<= 50),100,75,0.73,4,3,5.33,1.85,29.17,0.95,0.95,22.67,21.33,0.98,0
ntracks,径迹数 low(<= 50),100,75,0.74,6,5,8.0,2.78,29.17,0.95,0.95,22.67,21.33,0.98,0
ntracks,径迹数 low(<= 50),100,75,0.75,6,6,8.0,2.78,29.17,0.95,0.95,22.67,21.33,0.98,0
ntracks,径迹数 low(<= 50),100,75,0.76,7,7,9.33,3.24,29.17,0.95,0.95,22.67,21.33,0.98,0
ntracks,径迹数 low(<= 50),100,75,0.77,7,7,9.33,3.24,29.17,0.95,0.95,22.67,21.33,0.98,0
ntracks,径迹数 low(<= 50),100,75,0.78,7,7,9.33,3.24,29.17,0.95,0.95,22.67,21.33,0.98,0
ntracks,径迹数 low(<= 50),100,75,0.79,8,7,10.67,3.7,28.7,0.95,0.95,22.67,21.33,0.98,0
ntracks,径迹数 low(<= 50),100,75,0.8,8,7,10.67,3.7,28.7,0.95,0.95,22.67,21.33,0.98,0
ntracks,径迹数 low(<= 50),100,75,0.81,8,7,10.67,3.7,28.7,0.95,0.95,22.67,21.33,0.98,0
ntracks,径迹数 low(<= 50),100,75,0.82,8,7,10.67,3.7,28.7,0.95,0.95,22.67,21.33,0.98,0
ntracks,径迹数 low(<= 50),100,75,0.83,8,7,10.67,3.7,27.78,0.95,0.95,22.67,21.33,0.98,0
ntracks,径迹数 low(<= 50),100,75,0.84,10,9,13.33,4.63,27.31,0.95,0.95,22.67,21.33,0.98,0
ntracks,径迹数 low(<= 50),100,75,0.85,10,9,13.33,4.63,26.85,0.95,0.95,22.67,21.33,0.98,0
ntracks,径迹数 low(<= 50),100,75,0.86,12,11,16.0,5.56,26.85,0.95,0.95,22.67,21.33,0.98,0
ntracks,径迹数 low(<= 50),100,75,0.87,10,9,13.33,4.63,25.0,0.95,0.95,22.67,21.33,0.98,0
ntracks,径迹数 low(<= 50),100,75,0.88,8,7,10.67,3.7,23.61,0.95,0.95,22.67,21.33,0.98,0
ntracks,径迹数 low(<= 50),100,75,0.89,9,8,12.0,4.17,22.69,0.95,0.95,22.67,21.33,0.98,0
ntracks,径迹数 low(<= 50),100,75,0.9,10,8,13.33,4.63,22.22,0.95,0.95,22.67,21.33,0.98,0
ntracks,径迹数 low(<= 50),100,75,0.91,11,9,14.67,5.09,21.76,0.95,0.95,22.67,21.33,0.98,0
ntracks,径迹数 low(<= 50),100,75,0.92,12,10,16.0,5.56,21.3,0.95,0.95,22.67,21.33,0.98,0
ntracks,径迹数 low(<= 50),100,75,0.93,13,11,17.33,6.02,20.37,0.95,0.95,22.67,21.33,0.98,0
ntracks,径迹数 low(<= 50),100,75,0.94,16,13,21.33,7.41,19.91,0.95,0.95,22.67,21.33,0.98,0
ntracks,径迹数 low(<= 50),100,75,0.95,17,14,22.67,7.87,18.52,0.95,0.95,22.67,21.33,0.98,1
ntracks,径迹数 low(<= 50),100,75,0.96,16,13,21.33,7.41,18.06,0.95,0.95,22.67,21.33,0.98,0
ntracks,径迹数 low(<= 50),100,75,0.97,16,12,21.33,7.41,16.67,0.95,0.95,22.67,21.33,0.98,0
ntracks,径迹数 low(<= 50),100,75,0.98,16,12,21.33,7.41,14.81,0.95,0.95,22.67,21.33,0.98,0
ntracks,径迹数 low(<= 50),100,75,0.99,15,10,20.0,6.94,11.11,0.95,0.95,22.67,21.33,0.98,0
ntracks,径迹数 low(<= 50),100,75,0.995,11,7,14.67,5.09,6.48,0.95,0.95,22.67,21.33,0.98,0
ntracks,径迹数 mid,102,73,0.5,1,1,1.37,0.46,29.17,0.98,0.97,27.4,27.4,0.98,0
ntracks,径迹数 mid,102,73,0.51,1,1,1.37,0.46,29.17,0.98,0.97,27.4,27.4,0.98,0
ntracks,径迹数 mid,102,73,0.52,1,1,1.37,0.46,28.7,0.98,0.97,27.4,27.4,0.98,0
ntracks,径迹数 mid,102,73,0.53,1,1,1.37,0.46,27.78,0.98,0.97,27.4,27.4,0.98,0
ntracks,径迹数 mid,102,73,0.54,1,1,1.37,0.46,27.78,0.98,0.97,27.4,27.4,0.98,0
ntracks,径迹数 mid,102,73,0.55,1,1,1.37,0.46,27.78,0.98,0.97,27.4,27.4,0.98,0
ntracks,径迹数 mid,102,73,0.56,1,1,1.37,0.46,27.78,0.98,0.97,27.4,27.4,0.98,0
ntracks,径迹数 mid,102,73,0.57,1,1,1.37,0.46,27.31,0.98,0.97,27.4,27.4,0.98,0
ntracks,径迹数 mid,102,73,0.58,1,1,1.37,0.46,27.31,0.98,0.97,27.4,27.4,0.98,0
ntracks,径迹数 mid,102,73,0.59,1,1,1.37,0.46,27.31,0.98,0.97,27.4,27.4,0.98,0
ntracks,径迹数 mid,102,73,0.6,1,1,1.37,0.46,26.85,0.98,0.97,27.4,27.4,0.98,0
ntracks,径迹数 mid,102,73,0.61,2,2,2.74,0.93,26.85,0.98,0.97,27.4,27.4,0.98,0
ntracks,径迹数 mid,102,73,0.62,2,2,2.74,0.93,26.39,0.98,0.97,27.4,27.4,0.98,0
ntracks,径迹数 mid,102,73,0.63,2,2,2.74,0.93,26.39,0.98,0.97,27.4,27.4,0.98,0
ntracks,径迹数 mid,102,73,0.64,2,2,2.74,0.93,26.39,0.98,0.97,27.4,27.4,0.98,0
ntracks,径迹数 mid,102,73,0.65,2,2,2.74,0.93,25.93,0.98,0.97,27.4,27.4,0.98,0
ntracks,径迹数 mid,102,73,0.66,2,2,2.74,0.93,25.93,0.98,0.97,27.4,27.4,0.98,0
ntracks,径迹数 mid,102,73,0.67,2,2,2.74,0.93,25.93,0.98,0.97,27.4,27.4,0.98,0
ntracks,径迹数 mid,102,73,0.68,3,3,4.11,1.39,25.46,0.98,0.97,27.4,27.4,0.98,0
ntracks,径迹数 mid,102,73,0.69,3,3,4.11,1.39,24.54,0.98,0.97,27.4,27.4,0.98,0
ntracks,径迹数 mid,102,73,0.7,3,3,4.11,1.39,24.54,0.98,0.97,27.4,27.4,0.98,0
ntracks,径迹数 mid,102,73,0.71,3,3,4.11,1.39,24.54,0.98,0.97,27.4,27.4,0.98,0
ntracks,径迹数 mid,102,73,0.72,3,3,4.11,1.39,24.54,0.98,0.97,27.4,27.4,0.98,0
ntracks,径迹数 mid,102,73,0.73,3,3,4.11,1.39,24.07,0.98,0.97,27.4,27.4,0.98,0
ntracks,径迹数 mid,102,73,0.74,4,4,5.48,1.85,24.07,0.98,0.97,27.4,27.4,0.98,0
ntracks,径迹数 mid,102,73,0.75,4,4,5.48,1.85,24.07,0.98,0.97,27.4,27.4,0.98,0
ntracks,径迹数 mid,102,73,0.76,3,3,4.11,1.39,23.61,0.98,0.97,27.4,27.4,0.98,0
ntracks,径迹数 mid,102,73,0.77,5,3,6.85,2.31,23.61,0.98,0.97,27.4,27.4,0.98,0
ntracks,径迹数 mid,102,73,0.78,6,3,8.22,2.78,23.61,0.98,0.97,27.4,27.4,0.98,0
ntracks,径迹数 mid,102,73,0.79,6,3,8.22,2.78,23.61,0.98,0.97,27.4,27.4,0.98,0
ntracks,径迹数 mid,102,73,0.8,6,3,8.22,2.78,23.61,0.98,0.97,27.4,27.4,0.98,0
ntracks,径迹数 mid,102,73,0.81,6,3,8.22,2.78,23.15,0.98,0.97,27.4,27.4,0.98,0
ntracks,径迹数 mid,102,73,0.82,6,3,8.22,2.78,22.22,0.98,0.97,27.4,27.4,0.98,0
ntracks,径迹数 mid,102,73,0.83,6,3,8.22,2.78,22.22,0.98,0.97,27.4,27.4,0.98,0
ntracks,径迹数 mid,102,73,0.84,5,2,6.85,2.31,20.37,0.98,0.97,27.4,27.4,0.98,0
ntracks,径迹数 mid,102,73,0.85,6,3,8.22,2.78,20.37,0.98,0.97,27.4,27.4,0.98,0
ntracks,径迹数 mid,102,73,0.86,6,3,8.22,2.78,20.37,0.98,0.97,27.4,27.4,0.98,0
ntracks,径迹数 mid,102,73,0.87,6,3,8.22,2.78,19.91,0.98,0.97,27.4,27.4,0.98,0
ntracks,径迹数 mid,102,73,0.88,7,4,9.59,3.24,18.98,0.98,0.97,27.4,27.4,0.98,0
ntracks,径迹数 mid,102,73,0.89,6,3,8.22,2.78,18.52,0.98,0.97,27.4,27.4,0.98,0
ntracks,径迹数 mid,102,73,0.9,6,3,8.22,2.78,18.52,0.98,0.97,27.4,27.4,0.98,0
ntracks,径迹数 mid,102,73,0.91,6,3,8.22,2.78,18.52,0.98,0.97,27.4,27.4,0.98,0
ntracks,径迹数 mid,102,73,0.92,9,6,12.33,4.17,18.06,0.98,0.97,27.4,27.4,0.98,0
ntracks,径迹数 mid,102,73,0.93,11,8,15.07,5.09,17.59,0.98,0.97,27.4,27.4,0.98,0
ntracks,径迹数 mid,102,73,0.94,11,8,15.07,5.09,15.74,0.98,0.97,27.4,27.4,0.98,0
ntracks,径迹数 mid,102,73,0.95,12,10,16.44,5.56,15.74,0.98,0.97,27.4,27.4,0.98,0
ntracks,径迹数 mid,102,73,0.96,16,11,21.92,7.41,15.28,0.98,0.97,27.4,27.4,0.98,0
ntracks,径迹数 mid,102,73,0.97,19,11,26.03,8.8,12.96,0.98,0.97,27.4,27.4,0.98,0
ntracks,径迹数 mid,102,73,0.98,20,13,27.4,9.26,10.19,0.98,0.97,27.4,27.4,0.98,1
ntracks,径迹数 mid,102,73,0.99,13,9,17.81,6.02,6.48,0.98,0.97,27.4,27.4,0.98,0
ntracks,径迹数 mid,102,73,0.995,8,6,10.96,3.7,4.17,0.98,0.97,27.4,27.4,0.98,0
ntracks,径迹数 high(> 71),98,68,0.5,0,0,0.0,0.0,23.15,0.98,0.99,16.18,16.18,0.98,0
ntracks,径迹数 high(> 71),98,68,0.51,2,1,2.94,0.93,23.15,0.98,0.99,16.18,16.18,0.98,0
ntracks,径迹数 high(> 71),98,68,0.52,2,1,2.94,0.93,23.15,0.98,0.99,16.18,16.18,0.98,0
ntracks,径迹数 high(> 71),98,68,0.53,2,1,2.94,0.93,23.15,0.98,0.99,16.18,16.18,0.98,0
ntracks,径迹数 high(> 71),98,68,0.54,2,1,2.94,0.93,23.15,0.98,0.99,16.18,16.18,0.98,0
ntracks,径迹数 high(> 71),98,68,0.55,2,1,2.94,0.93,23.15,0.98,0.99,16.18,16.18,0.98,0
ntracks,径迹数 high(> 71),98,68,0.56,2,1,2.94,0.93,23.15,0.98,0.99,16.18,16.18,0.98,0
ntracks,径迹数 high(> 71),98,68,0.57,2,1,2.94,0.93,23.15,0.98,0.99,16.18,16.18,0.98,0
ntracks,径迹数 high(> 71),98,68,0.58,3,2,4.41,1.39,22.69,0.98,0.99,16.18,16.18,0.98,0
ntracks,径迹数 high(> 71),98,68,0.59,3,2,4.41,1.39,22.69,0.98,0.99,16.18,16.18,0.98,0
ntracks,径迹数 high(> 71),98,68,0.6,3,2,4.41,1.39,22.69,0.98,0.99,16.18,16.18,0.98,0
ntracks,径迹数 high(> 71),98,68,0.61,3,2,4.41,1.39,22.69,0.98,0.99,16.18,16.18,0.98,0
ntracks,径迹数 high(> 71),98,68,0.62,3,2,4.41,1.39,22.69,0.98,0.99,16.18,16.18,0.98,0
ntracks,径迹数 high(> 71),98,68,0.63,3,2,4.41,1.39,22.69,0.98,0.99,16.18,16.18,0.98,0
ntracks,径迹数 high(> 71),98,68,0.64,3,2,4.41,1.39,22.69,0.98,0.99,16.18,16.18,0.98,0
ntracks,径迹数 high(> 71),98,68,0.65,3,2,4.41,1.39,22.69,0.98,0.99,16.18,16.18,0.98,0
ntracks,径迹数 high(> 71),98,68,0.66,3,2,4.41,1.39,22.69,0.98,0.99,16.18,16.18,0.98,0
ntracks,径迹数 high(> 71),98,68,0.67,3,2,4.41,1.39,22.69,0.98,0.99,16.18,16.18,0.98,0
ntracks,径迹数 high(> 71),98,68,0.68,3,2,4.41,1.39,22.69,0.98,0.99,16.18,16.18,0.98,0
ntracks,径迹数 high(> 71),98,68,0.69,3,2,4.41,1.39,22.69,0.98,0.99,16.18,16.18,0.98,0
ntracks,径迹数 high(> 71),98,68,0.7,4,2,5.88,1.85,22.69,0.98,0.99,16.18,16.18,0.98,0
ntracks,径迹数 high(> 71),98,68,0.71,4,2,5.88,1.85,22.22,0.98,0.99,16.18,16.18,0.98,0
ntracks,径迹数 high(> 71),98,68,0.72,4,2,5.88,1.85,21.76,0.98,0.99,16.18,16.18,0.98,0
ntracks,径迹数 high(> 71),98,68,0.73,4,2,5.88,1.85,21.76,0.98,0.99,16.18,16.18,0.98,0
ntracks,径迹数 high(> 71),98,68,0.74,4,2,5.88,1.85,21.76,0.98,0.99,16.18,16.18,0.98,0
ntracks,径迹数 high(> 71),98,68,0.75,4,2,5.88,1.85,21.3,0.98,0.99,16.18,16.18,0.98,0
ntracks,径迹数 high(> 71),98,68,0.76,4,2,5.88,1.85,20.83,0.98,0.99,16.18,16.18,0.98,0
ntracks,径迹数 high(> 71),98,68,0.77,5,3,7.35,2.31,20.83,0.98,0.99,16.18,16.18,0.98,0
ntracks,径迹数 high(> 71),98,68,0.78,6,4,8.82,2.78,20.83,0.98,0.99,16.18,16.18,0.98,0
ntracks,径迹数 high(> 71),98,68,0.79,6,5,8.82,2.78,20.83,0.98,0.99,16.18,16.18,0.98,0
ntracks,径迹数 high(> 71),98,68,0.8,7,5,10.29,3.24,20.37,0.98,0.99,16.18,16.18,0.98,0
ntracks,径迹数 high(> 71),98,68,0.81,7,5,10.29,3.24,20.37,0.98,0.99,16.18,16.18,0.98,0
ntracks,径迹数 high(> 71),98,68,0.82,7,5,10.29,3.24,20.37,0.98,0.99,16.18,16.18,0.98,0
ntracks,径迹数 high(> 71),98,68,0.83,7,5,10.29,3.24,19.91,0.98,0.99,16.18,16.18,0.98,0
ntracks,径迹数 high(> 71),98,68,0.84,6,4,8.82,2.78,19.44,0.98,0.99,16.18,16.18,0.98,0
ntracks,径迹数 high(> 71),98,68,0.85,6,4,8.82,2.78,19.44,0.98,0.99,16.18,16.18,0.98,0
ntracks,径迹数 high(> 71),98,68,0.86,5,3,7.35,2.31,18.98,0.98,0.99,16.18,16.18,0.98,0
ntracks,径迹数 high(> 71),98,68,0.87,5,3,7.35,2.31,18.98,0.98,0.99,16.18,16.18,0.98,0
ntracks,径迹数 high(> 71),98,68,0.88,5,3,7.35,2.31,18.52,0.98,0.99,16.18,16.18,0.98,0
ntracks,径迹数 high(> 71),98,68,0.89,5,3,7.35,2.31,18.52,0.98,0.99,16.18,16.18,0.98,0
ntracks,径迹数 high(> 71),98,68,0.9,6,4,8.82,2.78,18.52,0.98,0.99,16.18,16.18,0.98,0
ntracks,径迹数 high(> 71),98,68,0.91,6,4,8.82,2.78,18.52,0.98,0.99,16.18,16.18,0.98,0
ntracks,径迹数 high(> 71),98,68,0.92,6,4,8.82,2.78,17.59,0.98,0.99,16.18,16.18,0.98,0
ntracks,径迹数 high(> 71),98,68,0.93,6,4,8.82,2.78,16.67,0.98,0.99,16.18,16.18,0.98,0
ntracks,径迹数 high(> 71),98,68,0.94,6,4,8.82,2.78,15.74,0.98,0.99,16.18,16.18,0.98,0
ntracks,径迹数 high(> 71),98,68,0.95,9,6,13.24,4.17,15.74,0.98,0.99,16.18,16.18,0.98,0
ntracks,径迹数 high(> 71),98,68,0.96,10,6,14.71,4.63,14.35,0.98,0.99,16.18,16.18,0.98,0
ntracks,径迹数 high(> 71),98,68,0.97,10,7,14.71,4.63,12.96,0.98,0.99,16.18,16.18,0.98,0
ntracks,径迹数 high(> 71),98,68,0.98,11,6,16.18,5.09,10.65,0.98,0.99,16.18,16.18,0.98,1
ntracks,径迹数 high(> 71),98,68,0.99,11,5,16.18,5.09,7.41,0.98,0.99,16.18,16.18,0.98,0
ntracks,径迹数 high(> 71),98,68,0.995,11,8,16.18,5.09,5.09,0.98,0.99,16.18,16.18,0.98,0
npv,PV数 low(<= 5),146,120,0.5,3,3,2.5,1.39,51.85,0.96,0.97,20.0,20.0,0.98,0
npv,PV数 low(<= 5),146,120,0.51,4,3,3.33,1.85,51.85,0.96,0.97,20.0,20.0,0.98,0
npv,PV数 low(<= 5),146,120,0.52,4,3,3.33,1.85,51.85,0.96,0.97,20.0,20.0,0.98,0
npv,PV数 low(<= 5),146,120,0.53,4,3,3.33,1.85,50.93,0.96,0.97,20.0,20.0,0.98,0
npv,PV数 low(<= 5),146,120,0.54,4,3,3.33,1.85,50.93,0.96,0.97,20.0,20.0,0.98,0
npv,PV数 low(<= 5),146,120,0.55,4,3,3.33,1.85,50.93,0.96,0.97,20.0,20.0,0.98,0
npv,PV数 low(<= 5),146,120,0.56,4,3,3.33,1.85,50.93,0.96,0.97,20.0,20.0,0.98,0
npv,PV数 low(<= 5),146,120,0.57,4,3,3.33,1.85,50.93,0.96,0.97,20.0,20.0,0.98,0
npv,PV数 low(<= 5),146,120,0.58,2,1,1.67,0.93,49.54,0.96,0.97,20.0,20.0,0.98,0
npv,PV数 low(<= 5),146,120,0.59,2,1,1.67,0.93,49.54,0.96,0.97,20.0,20.0,0.98,0
npv,PV数 low(<= 5),146,120,0.6,2,1,1.67,0.93,49.54,0.96,0.97,20.0,20.0,0.98,0
npv,PV数 low(<= 5),146,120,0.61,2,1,1.67,0.93,49.54,0.96,0.97,20.0,20.0,0.98,0
npv,PV数 low(<= 5),146,120,0.62,2,1,1.67,0.93,49.07,0.96,0.97,20.0,20.0,0.98,0
npv,PV数 low(<= 5),146,120,0.63,2,1,1.67,0.93,49.07,0.96,0.97,20.0,20.0,0.98,0
npv,PV数 low(<= 5),146,120,0.64,3,1,2.5,1.39,49.07,0.96,0.97,20.0,20.0,0.98,0
npv,PV数 low(<= 5),146,120,0.65,3,1,2.5,1.39,48.61,0.96,0.97,20.0,20.0,0.98,0
npv,PV数 low(<= 5),146,120,0.66,4,2,3.33,1.85,48.15,0.96,0.97,20.0,20.0,0.98,0
npv,PV数 low(<= 5),146,120,0.67,5,3,4.17,2.31,47.69,0.96,0.97,20.0,20.0,0.98,0
npv,PV数 low(<= 5),146,120,0.68,6,4,5.0,2.78,46.76,0.96,0.97,20.0,20.0,0.98,0
npv,PV数 low(<= 5),146,120,0.69,6,4,5.0,2.78,45.83,0.96,0.97,20.0,20.0,0.98,0
npv,PV数 low(<= 5),146,120,0.7,6,4,5.0,2.78,45.37,0.96,0.97,20.0,20.0,0.98,0
npv,PV数 low(<= 5),146,120,0.71,6,4,5.0,2.78,44.91,0.96,0.97,20.0,20.0,0.98,0
npv,PV数 low(<= 5),146,120,0.72,6,4,5.0,2.78,44.91,0.96,0.97,20.0,20.0,0.98,0
npv,PV数 low(<= 5),146,120,0.73,6,4,5.0,2.78,44.44,0.96,0.97,20.0,20.0,0.98,0
npv,PV数 low(<= 5),146,120,0.74,9,7,7.5,4.17,44.44,0.96,0.97,20.0,20.0,0.98,0
npv,PV数 low(<= 5),146,120,0.75,9,8,7.5,4.17,44.44,0.96,0.97,20.0,20.0,0.98,0
npv,PV数 low(<= 5),146,120,0.76,9,8,7.5,4.17,43.98,0.96,0.97,20.0,20.0,0.98,0
npv,PV数 low(<= 5),146,120,0.77,10,8,8.33,4.63,43.98,0.96,0.97,20.0,20.0,0.98,0
npv,PV数 low(<= 5),146,120,0.78,11,8,9.17,5.09,43.98,0.96,0.97,20.0,20.0,0.98,0
npv,PV数 low(<= 5),146,120,0.79,12,9,10.0,5.56,43.98,0.96,0.97,20.0,20.0,0.98,0
npv,PV数 low(<= 5),146,120,0.8,13,9,10.83,6.02,43.98,0.96,0.97,20.0,20.0,0.98,0
npv,PV数 low(<= 5),146,120,0.81,13,9,10.83,6.02,43.98,0.96,0.97,20.0,20.0,0.98,0
npv,PV数 low(<= 5),146,120,0.82,13,9,10.83,6.02,43.52,0.96,0.97,20.0,20.0,0.98,0
npv,PV数 low(<= 5),146,120,0.83,13,9,10.83,6.02,43.52,0.96,0.97,20.0,20.0,0.98,0
npv,PV数 low(<= 5),146,120,0.84,14,10,11.67,6.48,42.59,0.96,0.97,20.0,20.0,0.98,0
npv,PV数 low(<= 5),146,120,0.85,14,10,11.67,6.48,42.13,0.96,0.97,20.0,20.0,0.98,0
npv,PV数 low(<= 5),146,120,0.86,14,10,11.67,6.48,41.67,0.96,0.97,20.0,20.0,0.98,0
npv,PV数 low(<= 5),146,120,0.87,14,10,11.67,6.48,40.28,0.96,0.97,20.0,20.0,0.98,0
npv,PV数 low(<= 5),146,120,0.88,12,8,10.0,5.56,37.96,0.96,0.97,20.0,20.0,0.98,0
npv,PV数 low(<= 5),146,120,0.89,12,8,10.0,5.56,36.57,0.96,0.97,20.0,20.0,0.98,0
npv,PV数 low(<= 5),146,120,0.9,13,8,10.83,6.02,36.11,0.96,0.97,20.0,20.0,0.98,0
npv,PV数 low(<= 5),146,120,0.91,14,9,11.67,6.48,35.65,0.96,0.97,20.0,20.0,0.98,0
npv,PV数 low(<= 5),146,120,0.92,16,11,13.33,7.41,35.19,0.96,0.97,20.0,20.0,0.98,0
npv,PV数 low(<= 5),146,120,0.93,19,14,15.83,8.8,33.8,0.96,0.97,20.0,20.0,0.98,0
npv,PV数 low(<= 5),146,120,0.94,22,16,18.33,10.19,31.94,0.96,0.97,20.0,20.0,0.98,0
npv,PV数 low(<= 5),146,120,0.95,23,19,19.17,10.65,30.56,0.96,0.97,20.0,20.0,0.98,0
npv,PV数 low(<= 5),146,120,0.96,24,19,20.0,11.11,30.09,0.96,0.97,20.0,20.0,0.98,1
npv,PV数 low(<= 5),146,120,0.97,24,17,20.0,11.11,26.39,0.96,0.97,20.0,20.0,0.98,0
npv,PV数 low(<= 5),146,120,0.98,24,17,20.0,11.11,22.69,0.96,0.97,20.0,20.0,0.98,0
npv,PV数 low(<= 5),146,120,0.99,23,14,19.17,10.65,16.2,0.96,0.97,20.0,20.0,0.98,0
npv,PV数 low(<= 5),146,120,0.995,18,12,15.0,8.33,9.72,0.96,0.97,20.0,20.0,0.98,0
npv,PV数 mid,55,42,0.5,1,1,2.38,0.46,16.2,0.98,0.98,26.19,26.19,0.98,0
npv,PV数 mid,55,42,0.51,2,2,4.76,0.93,16.2,0.98,0.98,26.19,26.19,0.98,0
npv,PV数 mid,55,42,0.52,2,2,4.76,0.93,16.2,0.98,0.98,26.19,26.19,0.98,0
npv,PV数 mid,55,42,0.53,2,2,4.76,0.93,16.2,0.98,0.98,26.19,26.19,0.98,0
npv,PV数 mid,55,42,0.54,2,2,4.76,0.93,16.2,0.98,0.98,26.19,26.19,0.98,0
npv,PV数 mid,55,42,0.55,2,2,4.76,0.93,16.2,0.98,0.98,26.19,26.19,0.98,0
npv,PV数 mid,55,42,0.56,2,2,4.76,0.93,16.2,0.98,0.98,26.19,26.19,0.98,0
npv,PV数 mid,55,42,0.57,2,2,4.76,0.93,15.74,0.98,0.98,26.19,26.19,0.98,0
npv,PV数 mid,55,42,0.58,2,2,4.76,0.93,15.74,0.98,0.98,26.19,26.19,0.98,0
npv,PV数 mid,55,42,0.59,2,2,4.76,0.93,15.74,0.98,0.98,26.19,26.19,0.98,0
npv,PV数 mid,55,42,0.6,2,2,4.76,0.93,15.28,0.98,0.98,26.19,26.19,0.98,0
npv,PV数 mid,55,42,0.61,2,2,4.76,0.93,15.28,0.98,0.98,26.19,26.19,0.98,0
npv,PV数 mid,55,42,0.62,2,2,4.76,0.93,15.28,0.98,0.98,26.19,26.19,0.98,0
npv,PV数 mid,55,42,0.63,2,2,4.76,0.93,15.28,0.98,0.98,26.19,26.19,0.98,0
npv,PV数 mid,55,42,0.64,2,2,4.76,0.93,15.28,0.98,0.98,26.19,26.19,0.98,0
npv,PV数 mid,55,42,0.65,2,2,4.76,0.93,15.28,0.98,0.98,26.19,26.19,0.98,0
npv,PV数 mid,55,42,0.66,2,2,4.76,0.93,15.28,0.98,0.98,26.19,26.19,0.98,0
npv,PV数 mid,55,42,0.67,2,2,4.76,0.93,15.28,0.98,0.98,26.19,26.19,0.98,0
npv,PV数 mid,55,42,0.68,2,2,4.76,0.93,15.28,0.98,0.98,26.19,26.19,0.98,0
npv,PV数 mid,55,42,0.69,2,2,4.76,0.93,15.28,0.98,0.98,26.19,26.19,0.98,0
npv,PV数 mid,55,42,0.7,2,2,4.76,0.93,15.28,0.98,0.98,26.19,26.19,0.98,0
npv,PV数 mid,55,42,0.71,2,2,4.76,0.93,15.28,0.98,0.98,26.19,26.19,0.98,0
npv,PV数 mid,55,42,0.72,2,2,4.76,0.93,14.81,0.98,0.98,26.19,26.19,0.98,0
npv,PV数 mid,55,42,0.73,2,2,4.76,0.93,14.81,0.98,0.98,26.19,26.19,0.98,0
npv,PV数 mid,55,42,0.74,2,2,4.76,0.93,14.81,0.98,0.98,26.19,26.19,0.98,0
npv,PV数 mid,55,42,0.75,2,2,4.76,0.93,14.81,0.98,0.98,26.19,26.19,0.98,0
npv,PV数 mid,55,42,0.76,2,2,4.76,0.93,14.81,0.98,0.98,26.19,26.19,0.98,0
npv,PV数 mid,55,42,0.77,3,2,7.14,1.39,14.81,0.98,0.98,26.19,26.19,0.98,0
npv,PV数 mid,55,42,0.78,3,2,7.14,1.39,14.81,0.98,0.98,26.19,26.19,0.98,0
npv,PV数 mid,55,42,0.79,3,2,7.14,1.39,14.35,0.98,0.98,26.19,26.19,0.98,0
npv,PV数 mid,55,42,0.8,3,2,7.14,1.39,14.35,0.98,0.98,26.19,26.19,0.98,0
npv,PV数 mid,55,42,0.81,3,2,7.14,1.39,13.89,0.98,0.98,26.19,26.19,0.98,0
npv,PV数 mid,55,42,0.82,3,2,7.14,1.39,13.43,0.98,0.98,26.19,26.19,0.98,0
npv,PV数 mid,55,42,0.83,3,2,7.14,1.39,12.5,0.98,0.98,26.19,26.19,0.98,0
npv,PV数 mid,55,42,0.84,3,2,7.14,1.39,12.04,0.98,0.98,26.19,26.19,0.98,0
npv,PV数 mid,55,42,0.85,3,2,7.14,1.39,12.04,0.98,0.98,26.19,26.19,0.98,0
npv,PV数 mid,55,42,0.86,4,3,9.52,1.85,12.04,0.98,0.98,26.19,26.19,0.98,0
npv,PV数 mid,55,42,0.87,3,2,7.14,1.39,11.57,0.98,0.98,26.19,26.19,0.98,0
npv,PV数 mid,55,42,0.88,3,2,7.14,1.39,11.57,0.98,0.98,26.19,26.19,0.98,0
npv,PV数 mid,55,42,0.89,3,2,7.14,1.39,11.57,0.98,0.98,26.19,26.19,0.98,0
npv,PV数 mid,55,42,0.9,4,3,9.52,1.85,11.57,0.98,0.98,26.19,26.19,0.98,0
npv,PV数 mid,55,42,0.91,4,3,9.52,1.85,11.57,0.98,0.98,26.19,26.19,0.98,0
npv,PV数 mid,55,42,0.92,6,5,14.29,2.78,11.11,0.98,0.98,26.19,26.19,0.98,0
npv,PV数 mid,55,42,0.93,6,5,14.29,2.78,11.11,0.98,0.98,26.19,26.19,0.98,0
npv,PV数 mid,55,42,0.94,6,5,14.29,2.78,9.72,0.98,0.98,26.19,26.19,0.98,0
npv,PV数 mid,55,42,0.95,7,6,16.67,3.24,9.72,0.98,0.98,26.19,26.19,0.98,0
npv,PV数 mid,55,42,0.96,7,6,16.67,3.24,8.33,0.98,0.98,26.19,26.19,0.98,0
npv,PV数 mid,55,42,0.97,10,7,23.81,4.63,8.33,0.98,0.98,26.19,26.19,0.98,0
npv,PV数 mid,55,42,0.98,11,8,26.19,5.09,6.94,0.98,0.98,26.19,26.19,0.98,1
npv,PV数 mid,55,42,0.99,9,7,21.43,4.17,5.56,0.98,0.98,26.19,26.19,0.98,0
npv,PV数 mid,55,42,0.995,8,8,19.05,3.7,4.17,0.98,0.98,26.19,26.19,0.98,0
npv,PV数 high(> 6),99,54,0.5,0,0,0.0,0.0,17.13,0.98,0.97,22.22,22.22,0.98,0
npv,PV数 high(> 6),99,54,0.51,0,0,0.0,0.0,17.13,0.98,0.97,22.22,22.22,0.98,0
npv,PV数 high(> 6),99,54,0.52,0,0,0.0,0.0,16.67,0.98,0.97,22.22,22.22,0.98,0
npv,PV数 high(> 6),99,54,0.53,0,0,0.0,0.0,16.67,0.98,0.97,22.22,22.22,0.98,0
npv,PV数 high(> 6),99,54,0.54,0,0,0.0,0.0,16.67,0.98,0.97,22.22,22.22,0.98,0
npv,PV数 high(> 6),99,54,0.55,0,0,0.0,0.0,16.67,0.98,0.97,22.22,22.22,0.98,0
npv,PV数 high(> 6),99,54,0.56,0,0,0.0,0.0,16.67,0.98,0.97,22.22,22.22,0.98,0
npv,PV数 high(> 6),99,54,0.57,0,0,0.0,0.0,16.67,0.98,0.97,22.22,22.22,0.98,0
npv,PV数 high(> 6),99,54,0.58,1,1,1.85,0.46,16.2,0.98,0.97,22.22,22.22,0.98,0
npv,PV数 high(> 6),99,54,0.59,1,1,1.85,0.46,16.2,0.98,0.97,22.22,22.22,0.98,0
npv,PV数 high(> 6),99,54,0.6,1,1,1.85,0.46,16.2,0.98,0.97,22.22,22.22,0.98,0
npv,PV数 high(> 6),99,54,0.61,2,2,3.7,0.93,16.2,0.98,0.97,22.22,22.22,0.98,0
npv,PV数 high(> 6),99,54,0.62,2,2,3.7,0.93,16.2,0.98,0.97,22.22,22.22,0.98,0
npv,PV数 high(> 6),99,54,0.63,2,2,3.7,0.93,16.2,0.98,0.97,22.22,22.22,0.98,0
npv,PV数 high(> 6),99,54,0.64,2,2,3.7,0.93,16.2,0.98,0.97,22.22,22.22,0.98,0
npv,PV数 high(> 6),99,54,0.65,2,2,3.7,0.93,16.2,0.98,0.97,22.22,22.22,0.98,0
npv,PV数 high(> 6),99,54,0.66,2,2,3.7,0.93,16.2,0.98,0.97,22.22,22.22,0.98,0
npv,PV数 high(> 6),99,54,0.67,2,2,3.7,0.93,16.2,0.98,0.97,22.22,22.22,0.98,0
npv,PV数 high(> 6),99,54,0.68,2,2,3.7,0.93,16.2,0.98,0.97,22.22,22.22,0.98,0
npv,PV数 high(> 6),99,54,0.69,2,2,3.7,0.93,16.2,0.98,0.97,22.22,22.22,0.98,0
npv,PV数 high(> 6),99,54,0.7,3,2,5.56,1.39,16.2,0.98,0.97,22.22,22.22,0.98,0
npv,PV数 high(> 6),99,54,0.71,3,2,5.56,1.39,16.2,0.98,0.97,22.22,22.22,0.98,0
npv,PV数 high(> 6),99,54,0.72,3,2,5.56,1.39,15.74,0.98,0.97,22.22,22.22,0.98,0
npv,PV数 high(> 6),99,54,0.73,3,2,5.56,1.39,15.74,0.98,0.97,22.22,22.22,0.98,0
npv,PV数 high(> 6),99,54,0.74,3,2,5.56,1.39,15.74,0.98,0.97,22.22,22.22,0.98,0
npv,PV数 high(> 6),99,54,0.75,3,2,5.56,1.39,15.28,0.98,0.97,22.22,22.22,0.98,0
npv,PV数 high(> 6),99,54,0.76,3,2,5.56,1.39,14.81,0.98,0.97,22.22,22.22,0.98,0
npv,PV数 high(> 6),99,54,0.77,4,3,7.41,1.85,14.81,0.98,0.97,22.22,22.22,0.98,0
npv,PV数 high(> 6),99,54,0.78,5,4,9.26,2.31,14.81,0.98,0.97,22.22,22.22,0.98,0
npv,PV数 high(> 6),99,54,0.79,5,4,9.26,2.31,14.81,0.98,0.97,22.22,22.22,0.98,0
npv,PV数 high(> 6),99,54,0.8,5,4,9.26,2.31,14.35,0.98,0.97,22.22,22.22,0.98,0
npv,PV数 high(> 6),99,54,0.81,5,4,9.26,2.31,14.35,0.98,0.97,22.22,22.22,0.98,0
npv,PV数 high(> 6),99,54,0.82,5,4,9.26,2.31,14.35,0.98,0.97,22.22,22.22,0.98,0
npv,PV数 high(> 6),99,54,0.83,5,4,9.26,2.31,13.89,0.98,0.97,22.22,22.22,0.98,0
npv,PV数 high(> 6),99,54,0.84,4,3,7.41,1.85,12.5,0.98,0.97,22.22,22.22,0.98,0
npv,PV数 high(> 6),99,54,0.85,5,4,9.26,2.31,12.5,0.98,0.97,22.22,22.22,0.98,0
npv,PV数 high(> 6),99,54,0.86,5,4,9.26,2.31,12.5,0.98,0.97,22.22,22.22,0.98,0
npv,PV数 high(> 6),99,54,0.87,4,3,7.41,1.85,12.04,0.98,0.97,22.22,22.22,0.98,0
npv,PV数 high(> 6),99,54,0.88,5,4,9.26,2.31,11.57,0.98,0.97,22.22,22.22,0.98,0
npv,PV数 high(> 6),99,54,0.89,5,4,9.26,2.31,11.57,0.98,0.97,22.22,22.22,0.98,0
npv,PV数 high(> 6),99,54,0.9,5,4,9.26,2.31,11.57,0.98,0.97,22.22,22.22,0.98,0
npv,PV数 high(> 6),99,54,0.91,5,4,9.26,2.31,11.57,0.98,0.97,22.22,22.22,0.98,0
npv,PV数 high(> 6),99,54,0.92,5,4,9.26,2.31,10.65,0.98,0.97,22.22,22.22,0.98,0
npv,PV数 high(> 6),99,54,0.93,5,4,9.26,2.31,9.72,0.98,0.97,22.22,22.22,0.98,0
npv,PV数 high(> 6),99,54,0.94,5,4,9.26,2.31,9.72,0.98,0.97,22.22,22.22,0.98,0
npv,PV数 high(> 6),99,54,0.95,8,5,14.81,3.7,9.72,0.98,0.97,22.22,22.22,0.98,0
npv,PV数 high(> 6),99,54,0.96,11,5,20.37,5.09,9.26,0.98,0.97,22.22,22.22,0.98,0
npv,PV数 high(> 6),99,54,0.97,11,6,20.37,5.09,7.87,0.98,0.97,22.22,22.22,0.98,0
npv,PV数 high(> 6),99,54,0.98,12,6,22.22,5.56,6.02,0.98,0.97,22.22,22.22,0.98,1
npv,PV数 high(> 6),99,54,0.99,7,3,12.96,3.24,3.24,0.98,0.97,22.22,22.22,0.98,0
npv,PV数 high(> 6),99,54,0.995,4,1,7.41,1.85,1.85,0.98,0.97,22.22,22.22,0.98,0
ALL,all,300,216,0.5,4,4,1.85,1.85,85.19,0.98,0.97,21.76,21.76,0.98,0
ALL,all,300,216,0.51,6,5,2.78,2.78,85.19,0.98,0.97,21.76,21.76,0.98,0
ALL,all,300,216,0.52,6,5,2.78,2.78,84.72,0.98,0.97,21.76,21.76,0.98,0
ALL,all,300,216,0.53,6,5,2.78,2.78,83.8,0.98,0.97,21.76,21.76,0.98,0
ALL,all,300,216,0.54,6,5,2.78,2.78,83.8,0.98,0.97,21.76,21.76,0.98,0
ALL,all,300,216,0.55,6,5,2.78,2.78,83.8,0.98,0.97,21.76,21.76,0.98,0
ALL,all,300,216,0.56,6,5,2.78,2.78,83.8,0.98,0.97,21.76,21.76,0.98,0
ALL,all,300,216,0.57,6,5,2.78,2.78,83.33,0.98,0.97,21.76,21.76,0.98,0
ALL,all,300,216,0.58,5,4,2.31,2.31,81.48,0.98,0.97,21.76,21.76,0.98,0
ALL,all,300,216,0.59,5,4,2.31,2.31,81.48,0.98,0.97,21.76,21.76,0.98,0
ALL,all,300,216,0.6,5,4,2.31,2.31,81.02,0.98,0.97,21.76,21.76,0.98,0
ALL,all,300,216,0.61,6,5,2.78,2.78,81.02,0.98,0.97,21.76,21.76,0.98,0
ALL,all,300,216,0.62,6,5,2.78,2.78,80.56,0.98,0.97,21.76,21.76,0.98,0
ALL,all,300,216,0.63,6,5,2.78,2.78,80.56,0.98,0.97,21.76,21.76,0.98,0
ALL,all,300,216,0.64,7,5,3.24,3.24,80.56,0.98,0.97,21.76,21.76,0.98,0
ALL,all,300,216,0.65,7,5,3.24,3.24,80.09,0.98,0.97,21.76,21.76,0.98,0
ALL,all,300,216,0.66,8,6,3.7,3.7,79.63,0.98,0.97,21.76,21.76,0.98,0
ALL,all,300,216,0.67,9,7,4.17,4.17,79.17,0.98,0.97,21.76,21.76,0.98,0
ALL,all,300,216,0.68,10,8,4.63,4.63,78.24,0.98,0.97,21.76,21.76,0.98,0
ALL,all,300,216,0.69,10,8,4.63,4.63,77.31,0.98,0.97,21.76,21.76,0.98,0
ALL,all,300,216,0.7,11,8,5.09,5.09,76.85,0.98,0.97,21.76,21.76,0.98,0
ALL,all,300,216,0.71,11,8,5.09,5.09,76.39,0.98,0.97,21.76,21.76,0.98,0
ALL,all,300,216,0.72,11,8,5.09,5.09,75.46,0.98,0.97,21.76,21.76,0.98,0
ALL,all,300,216,0.73,11,8,5.09,5.09,75.0,0.98,0.97,21.76,21.76,0.98,0
ALL,all,300,216,0.74,14,11,6.48,6.48,75.0,0.98,0.97,21.76,21.76,0.98,0
ALL,all,300,216,0.75,14,12,6.48,6.48,74.54,0.98,0.97,21.76,21.76,0.98,0
ALL,all,300,216,0.76,14,12,6.48,6.48,73.61,0.98,0.97,21.76,21.76,0.98,0
ALL,all,300,216,0.77,17,13,7.87,7.87,73.61,0.98,0.97,21.76,21.76,0.98,0
ALL,all,300,216,0.78,19,14,8.8,8.8,73.61,0.98,0.97,21.76,21.76,0.98,0
ALL,all,300,216,0.79,20,15,9.26,9.26,73.15,0.98,0.97,21.76,21.76,0.98,0
ALL,all,300,216,0.8,21,15,9.72,9.72,72.69,0.98,0.97,21.76,21.76,0.98,0
ALL,all,300,216,0.81,21,15,9.72,9.72,72.22,0.98,0.97,21.76,21.76,0.98,0
ALL,all,300,216,0.82,21,15,9.72,9.72,71.3,0.98,0.97,21.76,21.76,0.98,0
ALL,all,300,216,0.83,21,15,9.72,9.72,69.91,0.98,0.97,21.76,21.76,0.98,0
ALL,all,300,216,0.84,21,15,9.72,9.72,67.13,0.98,0.97,21.76,21.76,0.98,0
ALL,all,300,216,0.85,22,16,10.19,10.19,66.67,0.98,0.97,21.76,21.76,0.98,0
ALL,all,300,216,0.86,23,17,10.65,10.65,66.2,0.98,0.97,21.76,21.76,0.98,0
ALL,all,300,216,0.87,21,15,9.72,9.72,63.89,0.98,0.97,21.76,21.76,0.98,0
ALL,all,300,216,0.88,20,14,9.26,9.26,61.11,0.98,0.97,21.76,21.76,0.98,0
ALL,all,300,216,0.89,20,14,9.26,9.26,59.72,0.98,0.97,21.76,21.76,0.98,0
ALL,all,300,216,0.9,22,15,10.19,10.19,59.26,0.98,0.97,21.76,21.76,0.98,0
ALL,all,300,216,0.91,23,16,10.65,10.65,58.8,0.98,0.97,21.76,21.76,0.98,0
ALL,all,300,216,0.92,27,20,12.5,12.5,56.94,0.98,0.97,21.76,21.76,0.98,0
ALL,all,300,216,0.93,30,23,13.89,13.89,54.63,0.98,0.97,21.76,21.76,0.98,0
ALL,all,300,216,0.94,33,25,15.28,15.28,51.39,0.98,0.97,21.76,21.76,0.98,0
ALL,all,300,216,0.95,38,30,17.59,17.59,50.0,0.98,0.97,21.76,21.76,0.98,0
ALL,all,300,216,0.96,42,30,19.44,19.44,47.69,0.98,0.97,21.76,21.76,0.98,0
ALL,all,300,216,0.97,45,30,20.83,20.83,42.59,0.98,0.97,21.76,21.76,0.98,0
ALL,all,300,216,0.98,47,31,21.76,21.76,35.65,0.98,0.97,21.76,21.76,0.98,1
ALL,all,300,216,0.99,39,24,18.06,18.06,25.0,0.98,0.97,21.76,21.76,0.98,0
ALL,all,300,216,0.995,30,21,13.89,13.89,15.74,0.98,0.97,21.76,21.76,0.98,0
