version,n_node,n_edge,n_chain,auc_node,auc_edge,sig_frac_node,noderec_0.5,nodebkg_0.5,nodeprec_0.5,edgerec_0.5,chainsurv_0.5,noderec_0.7,nodebkg_0.7,nodeprec_0.7,edgerec_0.7,chainsurv_0.7,noderec_0.8,nodebkg_0.8,nodeprec_0.8,edgerec_0.8,chainsurv_0.8,noderec_0.9,nodebkg_0.9,nodeprec_0.9,edgerec_0.9,chainsurv_0.9,noderec_0.95,nodebkg_0.95,nodeprec_0.95,edgerec_0.95,chainsurv_0.95,noderec_0.97,nodebkg_0.97,nodeprec_0.97,edgerec_0.97,chainsurv_0.97,sig_med,bkg_med,sig_gt09,bkg_gt09,surv_at_050,bkg_at_050,surv_gain_090_to_050,surv_drop_050_to_090,thr_for_recall80,label,lever,eval_N,All_fix,Perf_fix,surv_est_N
550,22500.0,2438288.0,402.0,0.9902418645570801,0.9992411652647895,6.8133333333333335,95.69471624266144,4.807554728859636,59.27272727272728,98.71145881270134,34.82587064676617,91.8460534898891,2.7662517289073305,70.82494969818913,97.74505292222734,31.592039800995025,89.10632746249185,1.9602232078981257,76.87113111986494,97.0777726645191,29.850746268656714,84.21395955642531,1.178041684551915,83.94018205461639,95.37505752416014,25.12437810945274,79.97390737116764,0.7487957266180189,88.64786695589298,93.2121491026231,22.139303482587064,76.06001304631441,0.5294033481184719,91.30775254502741,90.81914404049701,20.149253731343283,0.9950551986694336,0.002688794629648328,84.21395955642531,1.178041684551915,34.82587064676617,4.807554728859636,9.701492537313431,13.930348258706463,0.94,v550 lr1e-4 base,"lr probe, no prune change",12571.0,39.94,23.3,4447.014925373135
551,21611.0,2145192.0,400.0,0.9894963361510163,0.9993247386743432,7.334227939475267,94.3217665615142,3.7850793967841807,66.35596981802043,98.62542955326461,31.5,90.41009463722396,2.30200739039249,75.65997888067582,97.6159793814433,28.999999999999996,88.07570977917982,1.662838310196744,80.74031231925969,96.7139175257732,26.75,81.45110410094637,0.8688704683910916,88.12286689419795,95.31786941580756,23.75,75.58359621451103,0.4594027763906921,92.86821705426357,92.80498281786942,17.75,70.41009463722398,0.33456506541496056,94.33643279797126,90.4639175257732,15.75,0.9935685396194458,0.002951029222458601,81.45110410094637,0.8688704683910916,31.5,3.7850793967841807,7.75,13.5,0.91,v551 lr3e-4,lr 3e-4,12472.0,39.92,23.19,4203.75
552,21741.0,2221260.0,404.0,0.9887901910779381,0.9990534172178207,7.225978565843337,94.39847231063018,4.303420922161626,63.07954062101233,98.16993464052287,33.16831683168317,91.21578612348823,2.5037183936539416,73.9422084623323,97.23311546840958,30.693069306930692,88.92425206874603,1.8145761031234509,79.23993193420307,96.62309368191721,29.207920792079207,85.10502864417569,1.1056023797719385,85.7051282051282,94.7930283224401,25.0,79.56715467854869,0.599900842835895,91.17432530999271,92.37472766884531,21.03960396039604,75.23870146403566,0.34209221616261776,94.48441247002398,89.80392156862746,20.049504950495052,0.9951169490814209,0.0038863574154675007,85.10502864417569,1.1056023797719385,33.16831683168317,4.303420922161626,8.168316831683171,14.603960396039604,0.945,v552 node w=5,node_prune_weight 5 (lr 3e-5),12776.0,37.25,20.75,4425.0
553,22593.0,2456234.0,378.0,0.9930103539147566,0.9994828732220729,6.625946089496747,94.72277889111557,3.972317026924536,62.85460992907801,99.2850553505535,29.365079365079367,91.51636606546425,2.218430034129693,74.53754080522307,98.31642066420663,27.77777777777778,89.37875751503006,1.5310959423587411,80.55388320288982,97.44003690036901,26.190476190476193,86.17234468937876,0.7442169131588927,89.14996544574983,95.5950184501845,23.015873015873016,81.96392785571143,0.3886992794842624,93.73567608861727,93.17343173431735,20.37037037037037,76.95390781563127,0.251232461130072,95.60165975103735,90.4289667896679,17.195767195767196,0.99473637342453,0.002055264078080654,86.17234468937876,0.7442169131588927,29.365079365079367,3.972317026924536,6.3492063492063515,10.846560846560845,0.955,v553 edge w=3,edge_prune_weight 3,12761.0,37.96,22.84,4073.8095238095234
554,21955.0,2253024.0,409.0,0.9909708486117017,0.999356086672825,7.178319289455705,93.71827411167513,3.7636782962853914,65.81996434937611,98.89819303658,33.98533007334964,83.43908629441624,0.7704009028902301,89.33423913043478,94.38078448655796,27.87286063569682,74.0482233502538,0.2502576181363168,95.8128078817734,86.5579550462759,20.048899755501225,41.18020304568528,0.019628048481279747,99.3874425727412,67.27633318642575,5.134474327628362,3.807106598984772,0.0,100.0,42.133098281181134,0.0,0.5710659898477157,0.0,100.0,17.36447774349934,0.0,0.8871027827262878,0.07688500732183456,41.18020304568528,0.019628048481279747,33.98533007334964,3.7636782962853914,28.850855745721276,64.30317848410758,0.74,v554 node5+focal,focal gamma 2,4715.0,23.99,14.63,908.8019559902201
555,21793.0,2255318.0,400.0,0.9925806993248467,0.9993484292228094,7.167439085945028,98.20742637644047,8.239829963916762,47.922524211184005,98.75444839857651,35.5,94.87836107554418,3.7615540507142504,66.07222469906375,98.04270462633453,34.0,92.38156209987196,2.253966684790668,75.98736176935229,97.2864768683274,31.5,87.58002560819462,1.1319262517918047,85.66061365059487,95.44039145907473,28.749999999999996,82.5224071702945,0.6178636745588453,91.15983026874116,93.12722419928826,25.25,78.36107554417413,0.41026147990707335,93.6495791889824,91.08096085409252,21.5,0.9943321347236633,0.00350244645960629,87.58002560819462,1.1319262517918047,35.5,8.239829963916762,6.7500000000000036,10.750000000000004,0.96,v555 chain-recall,chain min-pooling recall,13103.0,35.19,19.73,5088.75
556,21792.0,2264832.0,407.0,0.9910646635087568,0.9991661972992898,7.355910425844346,95.38365564566438,5.116647679429392,59.67993754879001,98.27070879590094,35.872235872235876,92.13973799126637,2.9719153994749616,71.11218103033221,96.71221178479932,34.15233415233415,89.64441671865254,2.010996086978057,77.97069994574063,95.3672075149445,32.186732186732186,85.2776044915783,1.064936351478528,86.40960809102401,93.08283518360376,28.00982800982801,79.91266375545851,0.6340086185546585,90.91554293825408,90.6063193851409,25.061425061425062,74.85963817841547,0.36158304026945365,94.26551453260016,88.38599487617421,20.638820638820636,0.9947092533111572,0.002342208521440625,85.2776044915783,1.064936351478528,35.872235872235876,5.116647679429392,7.862407862407867,11.54791154791155,0.945,v556 stack,node5 + edge3 + lr3e-4,13490.0,39.25,23.26,4957.739557739557
557,22168.0,2303888.0,392.0,0.992403653834898,0.9995170281909591,7.050703717069649,95.26551503518874,3.7757825770444065,65.68151742390825,99.3641373463332,32.142857142857146,92.38643634037108,2.3877699587478767,74.58677685950413,98.87664264518864,29.846938775510207,90.72296865003199,1.7665615141955835,79.57351290684625,98.17719372615515,28.57142857142857,87.2040946896993,1.0774083960203833,85.99369085173501,97.18100890207715,26.27551020408163,81.829814459373,0.6551807813637467,90.45261669024045,95.23103009749893,21.683673469387756,77.92706333973129,0.48531909730647904,92.41274658573596,92.60279779567614,20.408163265306122,0.9970827698707581,0.002130717970430851,87.2040946896993,1.0774083960203833,32.142857142857146,3.7757825770444065,5.8673469387755155,11.479591836734695,0.96,v557 node5 lr1e-4,SOTA: node w=5 + lr 1e-4,12903.0,42.01,24.34,4650.765306122449
559,21856.0,2245228.0,419.0,0.990092105374498,0.9991381737923883,7.604319180087847,93.62214199759326,4.540952758245023,62.91953093408815,98.0040733197556,36.51551312649165,88.26714801444044,2.287808259879172,76.049766718507,96.72097759674133,32.93556085918855,86.28158844765343,1.5697731999603843,81.89605939463164,95.37678207739307,31.026252983293556,80.62575210589651,0.8764979696939685,88.33223467369808,92.54582484725051,25.29832935560859,73.88688327316486,0.5051005249083886,92.33082706766918,89.73523421588595,20.047732696897373,68.83273164861613,0.3020699217589383,94.93775933609957,86.9857433808554,18.138424821002385,0.9923474788665771,0.0023096585646271706,80.62575210589651,0.8764979696939685,36.51551312649165,4.540952758245023,11.217183770883057,15.990453460620525,0.9,v559 control,control (same protocol as 557),12366.0,40.04,23.81,4477.80429594272
562,22616.0,2348894.0,405.0,0.9919326154951903,0.9993277204684258,7.070215776441458,93.87116948092557,3.5590236475234334,66.74077367718986,98.68365180467092,34.074074074074076,90.36898061288305,2.288623495265737,75.02596053997922,97.07006369426752,30.864197530864196,88.36772983114447,1.470238378455536,82.05574912891987,95.88110403397027,29.38271604938272,83.80237648530331,0.6899176856830185,90.23569023569024,93.86411889596603,25.925925925925924,77.86116322701689,0.3283056573250226,94.74885844748859,90.40339702760085,23.456790123456788,73.79612257661037,0.23314459723081318,96.01301871440195,87.3036093418259,20.493827160493826,0.9954062700271606,0.0017603993183001876,83.80237648530331,0.6899176856830185,34.074074074074076,3.5590236475234334,8.148148148148152,12.839506172839513,0.93,v562 node5+edge3,node5 + edge3 (repeat),,,,4588.888888888889
563,22105.0,2351264.0,406.0,0.9902338278626877,0.9993589018377818,7.13865641257634,95.18377693282636,3.9460223120767766,64.96539792387543,98.61111111111111,34.97536945812808,91.82509505703422,2.2653091050811125,75.70532915360502,97.56944444444444,31.773399014778324,89.54372623574145,1.5345642324743023,81.77083333333334,96.98350694444444,29.802955665024633,84.60076045627376,0.7648462999951284,89.47721179624665,95.42100694444444,26.108374384236456,79.34093789607097,0.4287036585959955,93.43283582089552,93.22916666666666,23.15270935960591,74.65145754119138,0.2874263165586788,95.2303961196443,91.57986111111111,19.704433497536947,0.9950343370437622,0.0017461574170738459,84.60076045627376,0.7648462999951284,34.97536945812808,3.9460223120767766,8.866995073891623,12.5615763546798,0.94,v563 v557 repeat,reproduction of v557,13057.0,41.3,24.01,4621.182266009852
564,21921.0,2295030.0,407.0,0.9928523214925737,0.9995447412592374,7.239633228411114,94.45494643982356,3.2015343759221007,69.72093023255815,99.49649737302977,34.3980343980344,91.61940768746062,2.0999311497983673,77.29930887825624,99.08056042031524,32.186732186732186,89.79206049149339,1.4704435920133767,82.65661252900232,98.22679509632223,30.46683046683047,86.26339004410838,0.8999704927707288,88.20876288659794,96.49737302977232,27.764127764127768,81.66351606805293,0.575390970787843,91.71974522292994,94.61471103327496,24.57002457002457,77.6937618147448,0.4081833382512049,93.69300911854104,93.10420315236428,22.85012285012285,0.9974111914634705,0.001592347165569663,86.26339004410838,0.8999704927707288,34.3980343980344,3.2015343759221007,6.63390663390663,10.319410319410313,0.955,v564 node w=10,node_prune_weight 10,,,,4914.2506142506145
565,22029.0,2280848.0,407.0,0.9944001768032323,0.9994696730280932,7.1587452902991515,95.62460367786937,3.3199687072168977,68.95290352080475,98.8994389296504,35.62653562653563,91.88332276474318,1.994914922745942,78.02907915993538,98.2304704359085,33.415233415233416,89.79074191502853,1.4717387052610993,82.46942341292953,97.38886491152353,31.203931203931205,86.11287254280279,0.826325053784471,88.93254747871644,95.9214501510574,29.484029484029485,81.73747622067216,0.4302757676510855,93.6092955700799,93.93612429866207,24.078624078624077,77.74254914394419,0.29336984158028556,95.3343701399689,91.43288735433751,22.358722358722357,0.9967876672744751,0.0022001988254487514,86.11287254280279,0.826325053784471,35.62653562653563,3.3199687072168977,6.142506142506143,10.073710073710075,0.955,v565 node w=20,node_prune_weight 20,,,,5218.673218673219
