evt,n_daughters,sum_pt,chain_pt,chain_abs_eta,npvs,n_chains_in_evt,multi_b,n_true_edges,node_surv,edge_surv,surv
1,4,8839.3876953125,7687.01708984375,3.6527469158172607,6,1,0,12,0,0,0
2,4,7441.74609375,5550.748046875,3.8002076148986816,5,1,0,12,0,0,0
3,4,8812.603515625,8031.86865234375,3.0016183853149414,6,1,0,12,0,0,0
5,4,4739.615234375,4266.27490234375,3.564817190170288,8,2,1,12,0,0,0
5,4,7269.216796875,5465.91845703125,3.8002076148986816,8,2,1,12,0,0,0
6,4,22333.6640625,21848.1875,2.4122583866119385,2,1,0,12,1,0,0
7,4,6771.263671875,5280.13037109375,2.7735276222229004,5,1,0,12,1,0,0
8,4,8341.9482421875,6781.99609375,2.67460298538208,8,1,0,12,0,0,0
9,4,5502.72509765625,2646.196533203125,3.8002076148986816,8,1,0,12,1,0,0
10,4,10177.58984375,9399.271484375,2.7519783973693848,5,1,0,12,0,0,0
11,4,10536.4169921875,9266.1123046875,2.9564478397369385,4,2,1,12,0,0,0
11,6,5445.4052734375,4690.0830078125,3.8002076148986816,4,2,1,30,0,0,0
12,3,3479.49072265625,2899.38818359375,3.8002076148986816,5,2,1,6,1,1,1
12,2,1062.680419921875,498.8661804199219,3.8002076148986816,5,2,1,2,0,0,0
13,4,5723.37451171875,3041.11962890625,3.8002076148986816,6,1,0,12,1,0,0
14,4,9194.0986328125,8687.453125,3.2372140884399414,7,1,0,12,1,0,0
15,4,13096.8203125,12111.8154296875,3.8002076148986816,6,2,1,12,1,0,0
15,5,4828.181640625,2467.968017578125,3.8002076148986816,6,2,1,20,0,0,0
16,3,4084.85791015625,1199.3983154296875,3.8002076148986816,7,2,1,6,0,0,0
16,3,1585.92138671875,1584.7071533203125,3.347684621810913,7,2,1,6,0,0,0
17,4,7129.1142578125,4938.90185546875,2.667963981628418,3,1,0,12,0,0,0
18,4,14234.7255859375,13482.8369140625,3.6114141941070557,6,1,0,12,0,0,0
20,3,2154.6572265625,2154.194580078125,3.359145402908325,4,1,0,6,0,0,0
21,4,6185.95703125,3773.59912109375,3.8002076148986816,4,1,0,12,1,0,0
22,4,5456.4638671875,3762.321044921875,3.8002076148986816,4,1,0,12,1,0,0
23,4,7254.458984375,6871.16650390625,3.8002076148986816,11,1,0,12,0,0,0
24,5,2912.537841796875,2428.5,3.8002076148986816,4,2,1,20,0,0,0
24,4,9849.65625,8435.080078125,3.8002076148986816,4,2,1,12,0,0,0
25,4,9959.23046875,9203.3076171875,3.667189359664917,4,2,1,12,1,0,0
25,3,2904.93359375,2801.971923828125,3.8002076148986816,4,2,1,6,0,0,0
26,4,12074.775390625,11825.626953125,3.1191258430480957,7,2,1,12,0,0,0
26,4,4786.10107421875,4689.1591796875,2.9416491985321045,7,2,1,12,0,0,0
27,4,21656.1953125,21491.091796875,3.422046184539795,4,1,0,12,0,0,0
28,2,1443.4791259765625,1435.446044921875,2.5795528888702393,7,2,1,2,0,0,0
28,4,12996.451171875,12151.70703125,2.8848133087158203,7,2,1,12,0,0,0
29,6,4458.28759765625,4238.2470703125,3.663999319076538,8,2,1,30,0,0,0
29,4,16838.3046875,16483.51953125,2.7144291400909424,8,2,1,12,0,0,0
30,4,5128.29150390625,2303.54345703125,3.8002076148986816,3,1,0,12,0,0,0
31,4,4999.611328125,3148.79736328125,3.8002076148986816,9,2,1,12,0,0,0
31,2,4429.03466796875,4402.27783203125,2.260831832885742,9,2,1,2,1,0,0
33,3,7772.486328125,6787.59521484375,3.1428933143615723,4,1,0,6,1,0,0
34,4,5223.48974609375,2591.149658203125,3.8002076148986816,8,1,0,12,1,0,0
35,4,6192.630859375,4937.5146484375,3.8002076148986816,5,1,0,12,0,0,0
36,3,2079.070068359375,1785.232177734375,3.8002076148986816,5,2,1,6,0,0,0
36,4,6705.9208984375,5423.08251953125,3.8002076148986816,5,2,1,12,0,0,0
37,3,4961.78173828125,4948.99462890625,2.5057997703552246,7,2,1,6,0,0,0
37,4,8104.9580078125,6528.16455078125,3.194844961166382,7,2,1,12,1,0,0
38,4,5135.9501953125,3074.631591796875,3.8002076148986816,3,2,1,12,0,0,0
38,2,3336.16748046875,3271.755615234375,2.4118380546569824,3,2,1,2,1,0,0
39,3,3785.583740234375,3722.658935546875,3.6712751388549805,11,1,0,6,0,0,0
40,4,5256.24951171875,2302.615234375,3.8002076148986816,7,1,0,12,0,0,0
41,4,7958.76123046875,6178.5244140625,3.8002076148986816,5,2,1,12,1,0,0
41,4,2567.08154296875,1640.1302490234375,3.4284908771514893,5,2,1,12,0,0,0
42,2,1030.398681640625,828.1677856445312,3.8002076148986816,8,1,0,2,0,0,0
43,4,12473.8544921875,11947.373046875,3.4428160190582275,4,2,1,12,1,0,0
43,3,2068.3837890625,1346.8359375,3.8002076148986816,4,2,1,6,0,0,0
45,4,4467.12158203125,1070.4971923828125,3.8002076148986816,5,2,1,12,0,0,0
45,3,4050.808349609375,3921.62939453125,2.9771153926849365,5,2,1,6,0,0,0
46,3,4593.15869140625,2965.384033203125,3.1319873332977295,7,2,1,6,0,0,0
46,3,2189.427734375,1584.4366455078125,3.2540457248687744,7,2,1,6,0,0,0
47,4,11290.478515625,10167.42578125,2.5834708213806152,8,1,0,12,0,0,0
48,4,9644.2822265625,8807.025390625,3.7934255599975586,3,1,0,12,0,0,0
49,4,6468.48779296875,4918.68994140625,3.8002076148986816,2,1,0,12,1,0,0
50,3,9311.734375,8605.87890625,3.5686140060424805,8,2,1,6,0,0,0
50,4,3058.59619140625,607.8119506835938,3.8002076148986816,8,2,1,12,0,0,0
52,4,4227.0703125,1961.3150634765625,3.8002076148986816,6,1,0,12,0,0,0
53,4,12067.1201171875,11502.58203125,3.4266490936279297,5,1,0,12,1,0,0
54,4,17414.748046875,17004.505859375,2.3659682273864746,5,1,0,12,1,0,0
55,2,2067.16455078125,1899.1751708984375,3.541926860809326,8,1,0,2,0,1,0
56,4,6707.57080078125,4634.45703125,3.7261972427368164,1,1,0,12,0,0,0
57,3,5308.681640625,5279.14794921875,3.6673951148986816,3,2,1,6,1,0,0
57,2,2563.730224609375,2388.799560546875,3.8002076148986816,3,2,1,2,0,0,0
58,3,3780.6611328125,1907.557861328125,3.8002076148986816,3,1,0,6,0,0,0
59,4,12661.7705078125,12452.431640625,2.6819498538970947,7,1,0,12,0,0,0
60,2,3313.513671875,1828.785400390625,3.278799057006836,8,1,0,2,1,0,0
61,4,5537.54931640625,3828.850830078125,3.8002076148986816,8,1,0,12,1,0,0
62,4,5978.65380859375,4666.837890625,3.336775541305542,1,1,0,12,0,0,0
63,3,2654.298583984375,2637.993896484375,3.8002076148986816,6,2,1,6,0,0,0
63,4,8309.212890625,6510.4541015625,3.2489802837371826,6,2,1,12,0,0,0
64,4,6603.2412109375,4571.80078125,3.492006540298462,6,2,1,12,1,0,0
64,6,4041.958984375,3915.919921875,2.9683547019958496,6,2,1,30,0,0,0
65,3,2067.446533203125,1320.353515625,3.639465570449829,8,2,1,6,0,0,0
65,4,6429.1494140625,3879.899169921875,3.6040456295013428,8,2,1,12,0,0,0
66,4,5045.42724609375,2976.073486328125,3.8002076148986816,6,1,0,12,1,0,0
67,3,4782.716796875,1995.277587890625,3.8002076148986816,6,1,0,6,0,0,0
68,4,14371.8447265625,13992.4287109375,3.4127449989318848,5,2,1,12,0,0,0
68,2,1348.2401123046875,559.7788696289062,3.8002076148986816,5,2,1,2,0,0,0
70,4,8237.0146484375,6991.6298828125,3.06245756149292,6,1,0,12,0,0,0
71,4,9559.8115234375,8441.3017578125,3.8002076148986816,4,1,0,12,0,0,0
72,2,3410.82080078125,1451.494140625,3.6925313472747803,5,1,0,2,1,1,1
73,4,10941.818359375,10202.2724609375,3.4150609970092773,8,1,0,12,1,0,0
74,3,3643.03515625,3139.60888671875,3.8002076148986816,4,2,1,6,0,0,0
74,4,5437.56640625,5110.31201171875,3.310795545578003,4,2,1,12,0,0,0
75,4,4636.2802734375,2327.7578125,3.8002076148986816,6,1,0,12,1,0,0
76,4,6933.49609375,6509.8203125,3.248563766479492,4,1,0,12,0,0,0
77,4,7650.2529296875,7129.546875,3.351699113845825,8,1,0,12,0,0,0
78,4,7111.70263671875,5255.36376953125,3.8002076148986816,7,1,0,12,0,0,0
79,3,4417.30908203125,2142.237548828125,3.4079949855804443,5,2,1,6,0,0,0
79,2,1997.085205078125,1907.2548828125,2.7606592178344727,5,2,1,2,0,0,0
80,4,5291.79443359375,1901.7052001953125,3.8002076148986816,9,2,1,12,0,0,0
80,3,1209.997802734375,663.2512817382812,3.8002076148986816,9,2,1,6,0,0,0
82,4,6981.8798828125,5435.62939453125,2.8244481086730957,7,1,0,12,0,0,0
83,4,7694.9189453125,6718.4013671875,3.8002076148986816,5,1,0,12,0,0,0
84,4,5604.64208984375,2564.926025390625,3.8002076148986816,4,1,0,12,0,0,0
85,3,6932.45068359375,6037.3701171875,2.853078603744507,5,1,0,6,0,0,0
86,2,1169.5780029296875,931.8410034179688,3.074028491973877,4,2,1,2,1,0,0
86,4,6377.0146484375,5866.4453125,3.249039888381958,4,2,1,12,0,0,0
88,4,2164.094970703125,1197.586669921875,3.8002076148986816,4,2,1,12,0,0,0
88,4,7958.1611328125,7026.42724609375,2.8507564067840576,4,2,1,12,0,0,0
89,3,10006.7744140625,9236.421875,2.6597976684570312,7,1,0,6,0,0,0
93,4,4903.712890625,1573.8453369140625,3.8002076148986816,5,1,0,12,0,0,0
94,2,6413.88037109375,5682.90283203125,3.8002076148986816,4,1,0,2,1,1,1
95,3,2037.671142578125,1983.55224609375,3.8002076148986816,4,2,1,6,0,0,0
95,4,9863.7734375,9153.3232421875,3.359231948852539,4,2,1,12,1,0,0
96,4,3388.478515625,3296.517333984375,3.247791051864624,4,2,1,12,0,0,0
96,3,4277.23681640625,3727.18994140625,3.098369598388672,4,2,1,6,0,0,0
97,4,7058.7158203125,5321.29833984375,3.3785107135772705,3,1,0,12,1,0,0
98,3,8596.6484375,7568.55126953125,3.048478841781616,6,1,0,6,0,0,0
99,4,19984.19140625,19797.80078125,3.396519422531128,7,1,0,12,1,0,0
100,4,7692.13525390625,6251.1376953125,2.300388813018799,7,1,0,12,1,0,0
101,4,9631.904296875,9265.82421875,3.5093495845794678,5,1,0,12,0,0,0
102,4,13579.755859375,12571.580078125,3.3542871475219727,2,1,0,12,1,0,0
103,4,10168.7880859375,9375.3818359375,2.251744031906128,5,2,1,12,0,0,0
103,2,3280.03515625,3207.50341796875,2.174654483795166,5,2,1,2,0,0,0
104,2,8433.265625,8432.779296875,3.8002076148986816,6,2,1,2,0,0,0
104,4,10766.685546875,9692.8330078125,3.0208683013916016,6,2,1,12,0,0,0
106,3,5001.2333984375,4932.87109375,3.492586851119995,5,2,1,6,0,0,0
106,3,5607.6640625,4536.912109375,3.3371658325195312,5,2,1,6,0,0,0
107,4,6582.48681640625,5800.177734375,3.342266082763672,3,2,1,12,1,0,0
107,2,786.2161865234375,638.5328369140625,3.8002076148986816,3,2,1,2,0,0,0
108,3,5769.54150390625,4640.98388671875,3.8002076148986816,7,2,1,6,0,0,0
108,2,2604.80517578125,2398.195068359375,2.524545431137085,7,2,1,2,0,0,0
109,3,5174.376953125,4317.28125,3.574848175048828,7,2,1,6,1,0,0
109,2,1145.3984375,1080.619140625,3.8002076148986816,7,2,1,2,0,0,0
110,4,7455.966796875,5551.62255859375,3.7293965816497803,5,1,0,12,1,0,0
111,4,7411.40234375,5647.8203125,3.8002076148986816,4,1,0,12,0,0,0
112,4,1631.86767578125,944.419189453125,3.570777654647827,2,2,1,12,0,0,0
112,4,14429.798828125,13913.3798828125,2.6363649368286133,2,2,1,12,1,0,0
114,4,5941.21484375,4032.5185546875,3.8002076148986816,6,1,0,12,0,0,0
115,4,5453.81884765625,2653.55517578125,3.6786582469940186,7,2,1,12,0,0,0
115,2,2823.700927734375,2787.98095703125,3.8002076148986816,7,2,1,2,0,0,0
116,4,8119.5830078125,7254.21630859375,3.8002076148986816,5,2,1,12,0,0,0
116,2,2724.41845703125,2538.3115234375,3.8002076148986816,5,2,1,2,1,1,1
117,3,10069.751953125,9999.58203125,3.8002076148986816,5,2,1,6,0,0,0
117,4,10685.314453125,9814.0380859375,3.8002076148986816,5,2,1,12,1,0,0
118,4,10313.337890625,9802.91796875,3.5655629634857178,8,2,1,12,0,0,0
118,2,1147.0618896484375,942.3576049804688,2.5735716819763184,8,2,1,2,0,0,0
119,8,5639.29345703125,5281.5361328125,3.716543436050415,5,2,1,56,0,0,0
119,4,11356.1123046875,10195.994140625,3.0256519317626953,5,2,1,12,1,0,0
120,4,11212.3681640625,10548.82421875,3.8002076148986816,1,2,1,12,1,0,0
120,2,1409.824462890625,1368.30615234375,3.8002076148986816,1,2,1,2,0,1,0
121,3,5393.8857421875,4384.66552734375,2.8800172805786133,6,2,1,6,0,0,0
121,2,1158.331298828125,1158.115966796875,2.3999860286712646,6,2,1,2,0,0,0
122,3,4089.5576171875,1605.77978515625,3.8002076148986816,4,2,1,6,0,0,0
122,3,2155.860595703125,1983.71142578125,2.56740403175354,4,2,1,6,0,0,0
123,3,6309.94482421875,5276.20654296875,3.439120054244995,7,1,0,6,1,0,0
124,4,7483.9189453125,6215.53515625,3.5951180458068848,6,1,0,12,0,0,0
125,4,12692.48046875,12081.8828125,2.560711622238159,3,2,1,12,0,0,0
125,3,4240.68359375,3622.925048828125,2.7413952350616455,3,2,1,6,0,0,0
126,2,658.9658203125,638.796875,3.4647741317749023,7,2,1,2,0,0,0
126,2,3042.72021484375,1090.6058349609375,3.8002076148986816,7,2,1,2,0,0,0
127,4,3881.50341796875,2700.977294921875,3.8002076148986816,2,2,1,12,0,0,0
127,2,3263.911376953125,1348.71728515625,3.7256574630737305,2,2,1,2,1,0,0
129,3,2289.366455078125,1855.2789306640625,3.112945318222046,5,2,1,6,0,0,0
129,4,6248.515625,5665.5869140625,3.651106119155884,5,2,1,12,1,0,0
130,4,15808.91015625,15341.8076171875,2.48219633102417,9,1,0,12,0,0,0
131,4,4509.93115234375,1410.738525390625,3.8002076148986816,5,2,1,12,0,0,0
131,5,4547.86962890625,4372.310546875,3.539405584335327,5,2,1,20,0,0,0
132,4,7094.732421875,5392.80712890625,3.0071399211883545,3,2,1,12,0,0,0
132,2,1490.8433837890625,1490.8408203125,3.8002076148986816,3,2,1,2,0,1,0
133,3,10343.734375,9650.890625,2.834459066390991,10,1,0,6,0,0,0
134,3,1692.275146484375,1354.18798828125,3.799671173095703,5,2,1,6,0,0,0
134,3,5982.234375,4581.953125,3.242279052734375,5,2,1,6,0,0,0
135,4,3106.736328125,2545.803955078125,3.56060528755188,4,2,1,12,0,0,0
135,4,13945.6455078125,13032.2607421875,2.683809757232666,4,2,1,12,1,0,0
136,3,3035.751708984375,2900.229736328125,3.210402011871338,3,1,0,6,0,0,0
137,4,5362.75732421875,4018.32177734375,3.7385916709899902,9,1,0,12,1,0,0
138,4,9562.0361328125,8343.26171875,2.990689277648926,6,1,0,12,1,0,0
139,4,12338.9970703125,12228.150390625,2.5618550777435303,4,1,0,12,0,0,0
140,4,5480.01171875,3266.708251953125,3.232910394668579,4,1,0,12,0,0,0
141,4,9178.33984375,7862.859375,3.8002076148986816,3,1,0,12,1,0,0
142,2,4736.3427734375,4506.05859375,3.49757981300354,4,1,0,2,0,0,0
143,4,8548.2998046875,7038.90087890625,3.8002076148986816,3,1,0,12,1,0,0
144,4,7468.20751953125,6351.84765625,3.3133156299591064,3,1,0,12,1,0,0
145,4,5540.572265625,2466.711181640625,3.4677278995513916,2,1,0,12,1,0,0
147,4,12487.2490234375,12199.2109375,2.568572998046875,4,2,1,12,0,0,0
147,3,3109.0498046875,2938.970947265625,2.804152011871338,4,2,1,6,0,0,0
148,4,7170.30078125,5160.498046875,3.604367971420288,10,2,1,12,0,0,0
148,4,11192.556640625,10996.03125,2.1331708431243896,10,2,1,12,0,1,0
149,4,6679.98388671875,6450.41796875,3.8002076148986816,6,1,0,12,0,0,0
150,3,4689.74560546875,3835.250732421875,3.8002076148986816,6,1,0,6,1,0,0
151,4,6784.4951171875,4516.09375,3.7234272956848145,6,2,1,12,0,0,0
151,3,2446.40234375,2050.75732421875,3.420884609222412,6,2,1,6,0,0,0
152,4,10859.849609375,10150.1328125,2.9389398097991943,4,2,1,12,0,0,0
152,4,3641.6484375,2574.21533203125,3.8002076148986816,4,2,1,12,0,0,0
153,4,10566.0830078125,9569.6923828125,2.9093472957611084,5,1,0,12,1,0,0
154,4,4951.82666015625,3243.954345703125,3.8002076148986816,6,2,1,12,0,0,0
154,2,956.1676025390625,851.9215698242188,3.6012322902679443,6,2,1,2,0,0,0
155,4,17751.9609375,17727.62109375,2.731823205947876,5,1,0,12,0,0,0
156,4,9085.9404296875,8656.1953125,3.1821465492248535,5,2,1,12,0,0,0
156,3,1126.541259765625,869.6809692382812,2.8582518100738525,5,2,1,6,0,0,0
157,3,3526.39404296875,3329.296630859375,3.8002076148986816,13,2,1,6,0,0,0
157,4,7512.00390625,5804.27490234375,3.321147918701172,13,2,1,12,0,0,0
158,3,1342.6959228515625,1025.733642578125,3.8002076148986816,3,2,1,6,1,0,0
158,4,5367.0185546875,4014.271484375,3.6053974628448486,3,2,1,12,1,0,0
159,2,1848.0621337890625,1242.4886474609375,3.6844215393066406,6,2,1,2,0,0,0
159,3,1102.74169921875,1075.7064208984375,3.8002076148986816,6,2,1,6,0,0,0
160,4,12412.845703125,11905.1943359375,2.660440683364868,4,1,0,12,1,0,0
161,2,2818.41162109375,1331.5982666015625,3.8002076148986816,12,1,0,2,0,0,0
162,4,16585.267578125,15859.0712890625,3.1922245025634766,6,2,1,12,1,0,0
162,2,3265.4921875,3221.68798828125,3.8002076148986816,6,2,1,2,0,0,0
163,4,4424.88232421875,4221.416015625,3.708261728286743,6,2,1,12,0,0,0
163,4,5530.77685546875,2347.075927734375,3.8002076148986816,6,2,1,12,0,0,0
164,4,8432.185546875,6982.3310546875,3.337887763977051,3,1,0,12,0,0,0
165,4,6886.93896484375,5609.81591796875,3.8002076148986816,3,1,0,12,0,0,0
167,3,8443.4609375,8229.9423828125,2.9716956615448,4,1,0,6,0,0,0
168,4,7218.896484375,6161.228515625,2.7814078330993652,8,1,0,12,0,0,0
169,2,4385.4287109375,3573.447998046875,2.7758169174194336,7,1,0,2,1,0,0
170,4,7870.423828125,5965.5712890625,3.7996413707733154,5,1,0,12,1,0,0
171,4,7067.92724609375,5802.10986328125,2.859438180923462,8,1,0,12,0,0,0
172,4,13361.224609375,12966.6962890625,3.244840383529663,5,1,0,12,1,0,0
173,3,4954.73046875,4006.662841796875,3.8002076148986816,3,1,0,6,1,0,0
174,3,4331.3662109375,685.2784423828125,3.8002076148986816,6,2,1,6,0,0,0
174,3,2554.0849609375,2151.799560546875,3.6581056118011475,6,2,1,6,0,0,0
175,3,8247.95703125,7971.5791015625,2.8159713745117188,7,1,0,6,0,0,0
176,3,3292.580322265625,2751.4697265625,3.4450409412384033,5,1,0,6,0,0,0
177,5,6376.99365234375,6118.38671875,3.7130990028381348,6,2,1,20,0,0,0
177,3,5769.81884765625,4873.90966796875,3.559037208557129,6,2,1,6,0,0,0
179,4,17615.068359375,17473.935546875,2.3140809535980225,6,1,0,12,1,0,0
180,4,8358.7802734375,6895.65869140625,3.8002076148986816,5,1,0,12,1,0,0
181,4,5415.5234375,2071.18896484375,3.8002076148986816,5,2,1,12,0,0,0
181,3,4613.97265625,4286.4404296875,3.8002076148986816,5,2,1,6,0,0,0
182,4,6754.9375,5826.53955078125,2.9133687019348145,4,1,0,12,0,0,0
183,4,3458.67236328125,1987.6304931640625,3.8002076148986816,5,1,0,12,0,0,0
184,3,5726.36328125,4488.79833984375,3.8002076148986816,4,2,1,6,0,0,0
184,2,3796.05224609375,3687.0908203125,3.8002076148986816,4,2,1,2,0,1,0
186,4,14577.134765625,14010.7548828125,3.551596164703369,4,2,1,12,0,0,0
186,2,467.4855041503906,304.1944885253906,3.8002076148986816,4,2,1,2,0,0,0
187,4,4344.2783203125,2450.23681640625,3.8002076148986816,4,2,1,12,0,0,0
187,4,3477.9208984375,3384.743896484375,3.565824270248413,4,2,1,12,0,0,0
188,4,7642.09033203125,5937.6708984375,3.8002076148986816,5,2,1,12,1,0,0
188,2,3208.54931640625,2330.793212890625,3.5964460372924805,5,2,1,2,1,1,1
189,3,6017.30029296875,5297.525390625,3.8002076148986816,8,1,0,6,0,0,0
190,4,5831.8583984375,5354.09521484375,2.8596255779266357,5,2,1,12,0,0,0
190,4,14473.50390625,14081.9013671875,2.791045904159546,5,2,1,12,1,0,0
191,4,6850.20361328125,4873.267578125,3.132380485534668,5,1,0,12,1,0,0
192,4,10594.896484375,9818.841796875,2.8673343658447266,6,1,0,12,1,0,0
193,5,2507.3525390625,1052.8126220703125,3.8002076148986816,9,2,1,20,0,0,0
193,4,10466.2744140625,9301.8779296875,3.8002076148986816,9,2,1,12,1,0,0
194,4,17024.638671875,16508.064453125,2.5903072357177734,6,1,0,12,1,0,0
195,4,7678.951171875,6225.3408203125,3.0957529544830322,7,1,0,12,0,0,0
196,4,3035.9921875,2949.50244140625,3.8002076148986816,8,2,1,12,0,0,0
196,2,1564.25390625,1553.81103515625,2.9574849605560303,8,2,1,2,0,0,0
197,4,5638.263671875,3367.951171875,3.8002076148986816,6,1,0,12,1,0,0
198,4,11687.7919921875,11325.1943359375,3.188288450241089,10,1,0,12,1,0,0
199,4,9440.2958984375,8325.3935546875,2.545853853225708,6,1,0,12,0,0,0
200,4,21662.75,21509.283203125,2.7832343578338623,5,1,0,12,0,0,0
201,4,5181.19873046875,1465.7637939453125,3.8002076148986816,5,1,0,12,0,0,0
202,4,9649.89453125,8265.517578125,3.8002076148986816,5,1,0,12,0,0,0
203,4,7878.630859375,6475.64697265625,3.5558974742889404,6,1,0,12,0,0,0
204,3,4006.099609375,3733.595458984375,2.6154191493988037,6,2,1,6,0,0,0
204,4,7670.16748046875,6848.169921875,2.7913291454315186,6,2,1,12,0,0,0
205,3,5178.1103515625,3171.954345703125,3.0470240116119385,4,1,0,6,0,0,0
207,6,10172.4658203125,9810.236328125,3.1712806224823,7,2,1,30,0,0,0
207,2,4511.998046875,3304.961181640625,3.725888729095459,7,2,1,2,1,1,1
208,4,2781.351318359375,2158.947509765625,3.7609941959381104,6,1,0,12,0,0,0
209,2,3247.21630859375,3225.42138671875,3.4199905395507812,4,2,1,2,0,0,0
209,4,10539.521484375,9218.6015625,2.64847731590271,4,2,1,12,1,0,0
210,2,4504.62890625,4500.40283203125,3.8002076148986816,5,1,0,2,0,0,0
211,4,5421.36865234375,2983.72998046875,3.6329121589660645,4,1,0,12,0,0,0
213,4,6889.671875,5189.90380859375,3.3925139904022217,8,1,0,12,0,0,0
214,2,2431.197265625,1895.5313720703125,3.8002076148986816,3,2,1,2,0,0,0
214,3,5598.16796875,4111.80810546875,3.621265172958374,3,2,1,6,1,0,0
215,4,4779.7392578125,1943.115966796875,3.8002076148986816,4,2,1,12,0,0,0
215,2,635.1754760742188,373.5312194824219,3.8002076148986816,4,2,1,2,0,0,0
217,4,10896.95703125,10198.349609375,3.358614206314087,7,1,0,12,0,0,0
218,4,8801.6103515625,8004.3271484375,3.0947306156158447,4,1,0,12,1,0,0
219,4,14899.83984375,14148.97265625,3.3808155059814453,5,1,0,12,1,0,0
220,4,4995.404296875,3334.7001953125,3.8002076148986816,9,1,0,12,0,0,0
222,4,1511.561767578125,1360.2733154296875,3.8002076148986816,3,2,1,12,0,0,0
222,3,11595.513671875,11054.5537109375,2.697002410888672,3,2,1,6,1,0,0
223,3,1079.3807373046875,664.743408203125,3.8002076148986816,6,2,1,6,0,0,0
223,4,8079.58984375,7191.17236328125,2.6695504188537598,6,2,1,12,0,0,0
224,4,2837.42578125,2806.58251953125,2.5923473834991455,1,2,1,12,1,0,0
224,3,5452.04296875,5442.8955078125,2.5211384296417236,1,2,1,6,0,1,0
225,3,5713.12060546875,4623.7080078125,3.8002076148986816,4,1,0,6,0,0,0
226,4,5477.7216796875,2221.341796875,3.758244752883911,3,1,0,12,1,0,0
227,2,2158.222900390625,2131.97998046875,2.7735507488250732,4,2,1,2,0,0,0
227,4,18174.84765625,18098.28515625,2.720435857772827,4,2,1,12,1,0,0
228,4,5029.52490234375,1335.90869140625,3.8002076148986816,3,2,1,12,1,0,0
228,2,1774.024169921875,1761.546875,2.6413819789886475,3,2,1,2,0,0,0
229,2,1224.891845703125,1216.89501953125,3.8002076148986816,3,2,1,2,0,0,0
229,4,7316.92822265625,6549.748046875,3.224705219268799,3,2,1,12,0,0,0
230,2,1898.126953125,792.6428833007812,3.8002076148986816,5,2,1,2,0,0,0
230,4,8725.51171875,7586.91650390625,2.800713300704956,5,2,1,12,0,0,0
231,4,6702.8037109375,4978.7373046875,3.79213285446167,9,1,0,12,1,0,0
232,3,4244.35400390625,3978.029052734375,3.8002076148986816,7,1,0,6,0,0,0
233,3,4735.17529296875,2037.681884765625,3.7503554821014404,9,1,0,6,0,0,0
234,5,6444.1455078125,2454.487548828125,3.8002076148986816,6,1,0,20,1,0,0
235,4,4776.44873046875,536.7933349609375,3.8002076148986816,4,1,0,12,0,0,0
236,4,7655.39111328125,6011.43017578125,3.744105815887451,5,1,0,12,1,0,0
237,2,1527.138671875,1515.73046875,3.8002076148986816,5,2,1,2,0,0,0
237,4,5096.919921875,2782.47119140625,3.8002076148986816,5,2,1,12,0,0,0
239,3,2001.178955078125,1163.4365234375,2.751631736755371,4,2,1,6,0,0,0
239,3,5983.8955078125,4451.97607421875,2.7504749298095703,4,2,1,6,0,0,0
240,4,7054.05322265625,5623.77978515625,3.286191940307617,8,2,1,12,0,0,0
240,2,3046.6787109375,2482.64208984375,3.212611675262451,8,2,1,2,0,0,0
241,4,14643.1201171875,13934.1796875,3.007133722305298,3,2,1,12,1,0,0
241,3,1736.2548828125,1152.2027587890625,3.6475985050201416,3,2,1,6,0,0,0
242,4,7349.99365234375,6243.23974609375,3.344817876815796,3,1,0,12,1,0,0
243,3,5009.5224609375,2602.607666015625,3.8002076148986816,5,1,0,6,1,1,1
244,3,5797.501953125,4871.68896484375,2.704446792602539,7,1,0,6,0,0,0
245,4,5730.60888671875,3113.658935546875,3.8002076148986816,7,2,1,12,0,0,0
245,2,4869.109375,4852.626953125,3.8002076148986816,7,2,1,2,1,1,1
246,4,9970.18359375,8821.822265625,3.8002076148986816,10,2,1,12,0,0,0
246,3,5100.79296875,4982.185546875,2.4444029331207275,10,2,1,6,0,1,0
247,4,10764.16796875,10514.2451171875,2.928126335144043,8,1,0,12,0,0,0
248,3,4490.19287109375,2327.3017578125,3.5787413120269775,9,2,1,6,0,0,0
248,4,7460.5537109375,6726.5361328125,2.653355598449707,9,2,1,12,1,0,0
249,4,11273.0205078125,10553.44921875,3.0606820583343506,3,2,1,12,1,0,0
249,4,9965.3359375,9916.89453125,2.5813210010528564,3,2,1,12,0,0,0
250,4,7232.93798828125,5811.41748046875,3.8002076148986816,7,1,0,12,0,0,0
251,4,11208.6484375,11098.9658203125,3.8002076148986816,4,1,0,12,1,0,0
252,4,10477.1005859375,9895.9111328125,3.75758695602417,3,1,0,12,0,0,0
253,4,6906.37158203125,5152.5244140625,3.6162431240081787,9,1,0,12,1,0,0
254,3,3466.132568359375,1298.1505126953125,3.8002076148986816,2,1,0,6,0,0,0
255,2,3256.02880859375,3231.636962890625,2.9018614292144775,6,1,0,2,1,1,1
256,3,8056.61376953125,7673.849609375,3.719402313232422,1,1,0,6,1,0,0
257,4,11259.5419921875,10071.943359375,3.6818020343780518,4,2,1,12,0,0,0
257,2,5043.1796875,4872.7802734375,2.349975109100342,4,2,1,2,0,0,0
258,4,7920.4423828125,6592.423828125,3.8002076148986816,7,1,0,12,0,0,0
259,4,9009.12890625,8626.57421875,3.746403455734253,7,1,0,12,0,0,0
260,3,5835.025390625,4465.986328125,3.3717355728149414,5,1,0,6,1,0,0
261,2,5800.21142578125,4919.28662109375,3.5806031227111816,6,1,0,2,1,0,0
262,5,3164.775146484375,2220.78955078125,3.8002076148986816,5,2,1,20,0,0,0
262,4,7431.7373046875,6207.93896484375,2.8544743061065674,5,2,1,12,0,0,0
263,3,2220.99169921875,2152.650146484375,3.2703113555908203,3,2,1,6,0,0,0
263,4,10407.5810546875,10199.88671875,3.2402565479278564,3,2,1,12,0,0,0
264,3,3174.013671875,2795.149658203125,3.1556615829467773,4,2,1,6,0,0,0
264,4,8606.173828125,7510.4443359375,2.8669586181640625,4,2,1,12,0,0,0
265,3,3970.5185546875,3585.9404296875,3.112151622772217,7,2,1,6,0,0,0
265,3,4042.9423828125,3385.377197265625,3.2425923347473145,7,2,1,6,0,0,0
266,2,773.53955078125,646.0996704101562,3.8002076148986816,8,2,1,2,0,0,0
266,3,6113.09423828125,5672.3427734375,3.8002076148986816,8,2,1,6,1,0,0
267,4,10534.841796875,9339.51953125,2.5212974548339844,6,1,0,12,0,0,0
268,4,18936.06640625,18715.0234375,3.2141642570495605,5,2,1,12,0,0,0
268,3,2747.76611328125,2040.9215087890625,2.911505937576294,5,2,1,6,0,0,0
269,2,11694.9140625,11493.78515625,2.3743584156036377,9,1,0,2,1,0,0
270,4,8137.74609375,6845.48779296875,3.1973447799682617,5,1,0,12,0,0,0
271,4,11435.677734375,10471.5048828125,3.1033987998962402,4,1,0,12,0,0,0
272,4,21538.23046875,20923.953125,2.1081154346466064,6,1,0,12,1,0,0
273,3,1650.664794921875,1240.1468505859375,3.492248058319092,3,2,1,6,0,0,0
273,4,8552.478515625,8064.52783203125,2.9853036403656006,3,2,1,12,0,0,0
274,4,7831.4873046875,6338.826171875,3.3909575939178467,3,2,1,12,0,0,0
274,4,2352.66455078125,1853.6253662109375,3.5402565002441406,3,2,1,12,0,0,0
275,4,6208.240234375,4310.4638671875,3.8002076148986816,4,1,0,12,0,0,0
276,4,5053.82373046875,4518.23828125,3.590193748474121,3,2,1,12,1,0,0
276,2,782.7177734375,778.8389892578125,3.1930136680603027,3,2,1,2,0,0,0
277,4,8005.958984375,6406.22900390625,3.3282089233398438,5,2,1,12,0,0,0
277,2,5682.2705078125,5681.69677734375,2.2799458503723145,5,2,1,2,1,1,1
278,3,6627.65673828125,5381.05078125,2.6492443084716797,3,1,0,6,1,0,0
279,4,5976.3388671875,3631.70458984375,2.7327353954315186,7,2,1,12,0,0,0
279,2,3134.775390625,2964.882568359375,2.3227217197418213,7,2,1,2,0,0,0
280,4,9701.611328125,9477.8701171875,2.8921890258789062,5,1,0,12,0,0,0
281,3,6162.30615234375,4742.89599609375,2.8968520164489746,7,1,0,6,1,0,0
282,4,16549.84375,16038.109375,2.330512046813965,5,1,0,12,1,0,0
283,4,14762.24609375,14655.4501953125,3.674210548400879,3,1,0,12,1,0,0
284,4,8535.9755859375,7814.4580078125,3.397425651550293,8,2,1,12,0,0,0
284,4,5352.7275390625,5320.00927734375,2.248667001724243,8,2,1,12,0,0,0
285,3,2008.7359619140625,1726.0364990234375,3.3267934322357178,5,2,1,6,0,0,0
285,4,12434.3671875,12239.267578125,3.614347219467163,5,2,1,12,1,0,0
286,2,6008.3095703125,5188.57763671875,2.2077150344848633,6,1,0,2,1,1,1
287,4,10638.849609375,9508.681640625,3.523045301437378,3,1,0,12,0,0,0
288,4,2427.923583984375,2324.3095703125,3.3260176181793213,1,2,1,12,0,0,0
288,3,5383.6025390625,4028.7958984375,3.5867362022399902,1,2,1,6,1,1,1
289,4,7174.5654296875,5716.0419921875,3.8002076148986816,5,1,0,12,0,0,0
290,5,2578.777587890625,1550.8868408203125,3.8002076148986816,5,1,0,20,0,0,0
291,3,3162.505126953125,2636.205810546875,3.0703108310699463,6,2,1,6,0,0,0
291,4,8436.1572265625,7619.24609375,2.697287082672119,6,2,1,12,1,0,0
292,4,5123.96728515625,2640.313232421875,3.8002076148986816,5,1,0,12,1,0,0
293,4,7249.36083984375,6233.14990234375,3.278777837753296,8,2,1,12,0,0,0
293,2,2931.683349609375,2878.94580078125,3.8002076148986816,8,2,1,2,0,0,0
294,2,3468.9541015625,3462.07763671875,3.8002076148986816,5,2,1,2,0,1,0
294,3,3758.826171875,3286.431640625,3.8002076148986816,5,2,1,6,0,0,0
295,4,5849.4423828125,4345.48876953125,3.497824192047119,6,1,0,12,0,0,0
296,4,5851.392578125,2859.461669921875,3.8002076148986816,5,1,0,12,1,0,0
297,4,8620.9140625,7003.1171875,3.0472629070281982,5,1,0,12,1,0,0
298,4,8254.623046875,6717.8291015625,3.3418242931365967,7,1,0,12,1,0,0
299,4,8422.3671875,6851.017578125,3.8002076148986816,7,2,1,12,1,0,0
299,2,2434.55322265625,684.6280517578125,3.8002076148986816,7,2,1,2,0,0,0
300,3,8834.423828125,8072.716796875,3.3877153396606445,3,1,0,6,0,0,0
301,4,5064.953125,540.3306274414062,3.8002076148986816,4,1,0,12,1,0,0
302,2,986.6551513671875,866.2376098632812,3.8002076148986816,4,2,1,2,0,0,0
302,4,3853.67919921875,1884.8447265625,3.8002076148986816,4,2,1,12,0,0,0
303,4,3951.51318359375,2301.578857421875,3.8002076148986816,3,2,1,12,0,0,0
303,3,1413.58203125,1105.536865234375,3.260236978530884,3,2,1,6,0,0,0
304,3,5859.5400390625,5361.0966796875,3.3760247230529785,5,2,1,6,0,0,0
304,3,1185.7049560546875,408.2208557128906,3.8002076148986816,5,2,1,6,0,0,0
305,4,7582.98291015625,6105.21923828125,3.0981712341308594,11,2,1,12,0,0,0
305,2,1290.735107421875,1290.530517578125,3.0367603302001953,11,2,1,2,0,0,0
306,4,5542.5849609375,2711.755126953125,3.0709228515625,3,1,0,12,0,0,0
307,2,1334.41357421875,798.55322265625,3.650906801223755,5,2,1,2,0,0,0
307,4,6741.974609375,4536.646484375,3.8002076148986816,5,2,1,12,1,0,0
308,4,11313.466796875,10261.900390625,3.5149683952331543,7,2,1,12,0,0,0
308,2,2037.989990234375,1098.74755859375,3.233006477355957,7,2,1,2,0,0,0
309,4,7200.21533203125,5129.7900390625,3.8002076148986816,5,1,0,12,1,0,0
310,4,5716.38720703125,4221.78515625,3.8002076148986816,7,1,0,12,1,0,0
311,2,1352.088134765625,1292.71240234375,3.8002076148986816,3,1,0,2,1,0,0
312,3,2601.776611328125,2589.771240234375,3.8002076148986816,3,2,1,6,0,0,0
312,4,9534.287109375,8992.7138671875,2.803101062774658,3,2,1,12,1,0,0
314,4,7511.56982421875,6211.0869140625,3.2996087074279785,6,2,1,12,0,0,0
314,2,2130.55078125,2126.462158203125,2.3041229248046875,6,2,1,2,0,0,0
315,5,9122.744140625,8963.86328125,3.11922550201416,9,2,1,20,0,0,0
315,4,10639.619140625,10066.93359375,2.619899034500122,9,2,1,12,0,0,0
316,4,12030.8212890625,10861.5859375,3.544640064239502,1,2,1,12,1,0,0
316,4,3639.93798828125,3603.009033203125,2.9267666339874268,1,2,1,12,0,0,0
317,3,5372.935546875,4007.265380859375,3.8002076148986816,7,2,1,6,1,0,0
317,3,1804.151611328125,1674.7001953125,2.9923882484436035,7,2,1,6,0,0,0
318,4,9069.48828125,7728.9072265625,3.2196643352508545,8,2,1,12,0,0,0
318,4,1618.562255859375,996.7266845703125,3.8002076148986816,8,2,1,12,0,0,0
319,4,7833.548828125,7296.0458984375,3.241995096206665,4,2,1,12,0,0,0
319,3,2703.869873046875,1063.9951171875,3.8002076148986816,4,2,1,6,0,0,0
320,3,6761.001953125,5263.6953125,3.8002076148986816,6,1,0,6,1,1,1
321,4,14406.08203125,13665.0732421875,2.314626932144165,10,1,0,12,0,0,0
322,3,10843.765625,10839.9951171875,2.5839626789093018,8,1,0,6,0,0,0
323,4,7862.16015625,6509.10400390625,3.461231231689453,4,1,0,12,0,0,0
324,2,1078.8731689453125,896.3461303710938,3.8002076148986816,9,2,1,2,0,0,0
324,3,4267.08447265625,2152.052978515625,3.8002076148986816,9,2,1,6,0,0,0
325,3,14370.857421875,14346.22265625,2.7727155685424805,6,2,1,6,0,0,0
325,4,2134.657958984375,1416.859130859375,3.8002076148986816,6,2,1,12,0,0,0
326,4,5706.96484375,3935.604248046875,3.8002076148986816,6,1,0,12,0,0,0
327,6,4060.044189453125,3103.02294921875,3.8002076148986816,8,2,1,30,0,0,0
327,4,4537.841796875,704.4776611328125,3.8002076148986816,8,2,1,12,0,0,0
328,3,4260.62939453125,4202.6328125,3.0211644172668457,4,2,1,6,1,0,0
328,4,9170.41796875,8379.6083984375,3.0720999240875244,4,2,1,12,0,0,0
329,4,12123.212890625,11567.7001953125,2.6077349185943604,7,1,0,12,0,0,0
330,4,10293.048828125,9045.640625,3.117443799972534,6,1,0,12,1,0,0
331,4,7229.36669921875,6138.81591796875,3.8002076148986816,7,1,0,12,1,0,0
332,2,1156.12109375,722.5435180664062,2.952035427093506,8,3,1,2,0,0,0
332,4,5067.8369140625,319.3957214355469,3.8002076148986816,8,3,1,12,0,0,0
332,2,846.433349609375,602.8163452148438,3.8002076148986816,8,3,1,2,0,0,0
334,2,4875.1572265625,4868.9951171875,3.303785562515259,4,2,1,2,0,0,0
334,4,5843.859375,4401.369140625,3.8002076148986816,4,2,1,12,0,0,0
335,2,3253.08203125,2846.007568359375,3.3015329837799072,7,2,1,2,0,0,0
335,4,5993.32666015625,3310.26025390625,3.2004873752593994,7,2,1,12,0,0,0
336,4,12573.7041015625,11723.408203125,3.8002076148986816,6,1,0,12,1,1,1
337,4,8679.61328125,7768.80322265625,3.8002076148986816,9,2,1,12,0,0,0
337,3,2121.636962890625,2120.04638671875,3.8002076148986816,9,2,1,6,0,0,0
338,4,16610.46875,16021.021484375,3.448249101638794,4,1,0,12,1,0,0
339,4,7957.6015625,7090.537109375,2.395080804824829,6,1,0,12,0,0,0
340,4,4817.54833984375,822.209716796875,3.8002076148986816,3,1,0,12,1,0,0
341,4,8643.7900390625,8148.72021484375,3.1143620014190674,5,1,0,12,1,0,0
342,3,4186.94677734375,1538.5443115234375,3.8002076148986816,1,1,0,6,0,0,0
343,4,16783.275390625,16560.265625,2.9155139923095703,6,2,1,12,0,0,0
343,3,7267.9326171875,7204.49755859375,2.225281000137329,6,2,1,6,0,0,0
344,4,13687.3056640625,13290.4970703125,3.8002076148986816,8,1,0,12,1,0,0
345,4,7717.4462890625,5731.79150390625,3.60636830329895,6,1,0,12,0,0,0
348,4,12683.40234375,11832.4072265625,3.4567363262176514,4,1,0,12,0,0,0
349,4,5662.279296875,4463.30322265625,3.5990328788757324,3,2,1,12,0,0,0
349,2,2232.556884765625,2216.991943359375,2.2964417934417725,3,2,1,2,0,0,0
350,4,3992.170654296875,1104.654541015625,3.8002076148986816,6,1,0,12,0,0,0
351,4,5443.4482421875,2535.313232421875,3.8002076148986816,3,1,0,12,1,0,0
352,4,7575.1650390625,6102.0966796875,3.6288514137268066,7,1,0,12,0,0,0
353,4,7669.32958984375,6391.771484375,2.789850950241089,1,1,0,12,1,0,0
354,2,4444.794921875,3921.4580078125,3.703397035598755,2,1,0,2,0,0,0
355,2,7998.02099609375,7732.34228515625,2.1091554164886475,3,1,0,2,1,1,1
356,3,12156.5439453125,12081.6298828125,3.2299885749816895,7,1,0,6,0,0,0
357,4,5099.95068359375,2826.147705078125,3.650973320007324,3,2,1,12,0,0,0
357,2,2413.036865234375,2399.26904296875,2.3582613468170166,3,2,1,2,1,1,1
358,3,7979.04052734375,7109.2626953125,3.4610798358917236,5,1,0,6,0,0,0
359,6,3944.540283203125,3621.06396484375,3.8002076148986816,2,2,1,30,0,0,0
359,4,13635.9853515625,13208.19921875,2.7000629901885986,2,2,1,12,0,0,0
360,3,7824.875,7820.96728515625,3.7530345916748047,3,2,1,6,1,0,0
360,3,3040.85986328125,2248.567626953125,3.8002076148986816,3,2,1,6,0,0,0
361,4,5602.953125,2628.14501953125,3.8002076148986816,5,2,1,12,1,0,0
361,4,5500.9482421875,5338.31640625,3.7427480220794678,5,2,1,12,0,0,0
362,3,2654.1669921875,2240.192626953125,3.029205799102783,5,2,1,6,0,0,0
362,4,7175.966796875,5249.18212890625,3.8002076148986816,5,2,1,12,0,0,0
363,4,13859.5361328125,13584.123046875,3.5827033519744873,5,2,1,12,0,0,0
363,5,3220.86962890625,3116.574951171875,3.8002076148986816,5,2,1,20,0,0,0
364,3,9682.087890625,9095.15234375,3.345539093017578,7,1,0,6,1,0,0
365,4,9261.7041015625,8296.1337890625,3.8002076148986816,2,1,0,12,0,0,0
367,4,5191.25341796875,2907.39697265625,3.718996524810791,6,2,1,12,0,0,0
367,3,5278.57275390625,3852.033447265625,3.8002076148986816,6,2,1,6,0,0,0
368,4,9097.625,8451.001953125,3.8002076148986816,7,2,1,12,0,0,0
368,2,1511.18994140625,1472.326904296875,2.6715824604034424,7,2,1,2,0,0,0
370,3,3267.24853515625,3213.94970703125,3.184636354446411,3,2,1,6,0,0,0
370,4,5367.986328125,1817.4154052734375,3.8002076148986816,3,2,1,12,1,0,0
371,3,4497.916015625,4130.0087890625,3.435767889022827,5,2,1,6,0,0,0
371,4,15918.3486328125,15418.8759765625,3.081867218017578,5,2,1,12,1,0,0
372,2,1263.72900390625,469.12457275390625,3.8002076148986816,4,2,1,2,0,0,0
372,3,15334.4150390625,14999.748046875,2.7454371452331543,4,2,1,6,1,0,0
373,3,2978.19873046875,2847.376220703125,3.416306257247925,4,2,1,6,0,0,0
373,4,4855.44873046875,1827.4022216796875,3.8002076148986816,4,2,1,12,0,0,0
374,4,12282.916015625,11262.7021484375,3.0537359714508057,4,1,0,12,0,0,0
375,4,6363.5859375,4159.361328125,3.7507874965667725,6,1,0,12,0,0,0
376,3,5961.8818359375,3970.755615234375,3.111781597137451,5,2,1,6,0,0,0
376,3,2619.8515625,1815.3536376953125,3.4381206035614014,5,2,1,6,0,0,0
377,2,2982.74951171875,2911.683837890625,3.1663761138916016,5,2,1,2,0,0,0
377,4,5443.72216796875,2960.19677734375,3.8002076148986816,5,2,1,12,1,0,0
378,4,5070.16796875,1912.1910400390625,3.8002076148986816,6,1,0,12,0,0,0
379,4,16352.3427734375,16178.74609375,2.932523250579834,4,2,1,12,0,0,0
379,3,1527.360107421875,1516.524169921875,3.056067705154419,4,2,1,6,0,0,0
380,3,5909.06005859375,5632.849609375,2.992203712463379,5,1,0,6,1,0,0
381,3,3266.620849609375,3193.810302734375,3.5054285526275635,3,2,1,6,0,0,0
381,2,1690.92138671875,709.2262573242188,3.1403303146362305,3,2,1,2,0,0,0
382,3,1685.9095458984375,1674.5037841796875,3.8002076148986816,8,2,1,6,0,0,0
382,4,21901.0234375,21548.724609375,3.142853260040283,8,2,1,12,1,0,0
383,4,8125.486328125,6559.64892578125,2.5077624320983887,4,1,0,12,1,0,0
384,2,4628.1865234375,4146.22265625,2.486968755722046,5,1,0,2,1,1,1
385,4,7413.4443359375,5805.60791015625,3.1901907920837402,7,1,0,12,0,0,0
386,3,1848.731689453125,1699.118408203125,2.9107818603515625,7,2,1,6,0,0,0
386,4,5221.93994140625,1978.408447265625,3.618063449859619,7,2,1,12,0,0,0
387,3,4672.28857421875,2164.09423828125,3.8002076148986816,5,1,0,6,1,0,0
388,4,10188.00390625,8785.4814453125,3.088653802871704,3,1,0,12,1,0,0
389,2,1306.8504638671875,1292.9114990234375,1.9876141548156738,6,2,1,2,0,0,0
389,3,15313.021484375,14762.8466796875,2.479702949523926,6,2,1,6,1,0,0
390,3,6435.14501953125,6352.94189453125,3.3953754901885986,7,2,1,6,0,0,0
390,3,1454.3946533203125,1043.8409423828125,3.8002076148986816,7,2,1,6,0,0,0
392,4,6994.5537109375,6926.13818359375,3.5410022735595703,3,2,1,12,0,0,0
392,4,7844.3681640625,7083.9365234375,3.1058990955352783,3,2,1,12,0,0,0
393,4,5044.32861328125,1973.143798828125,3.8002076148986816,6,2,1,12,1,0,0
393,2,3710.59912109375,3245.216064453125,2.4017081260681152,6,2,1,2,0,1,0
395,4,15858.072265625,15394.8798828125,2.430595874786377,11,1,0,12,0,0,0
396,4,5439.3818359375,2707.109130859375,3.8002076148986816,5,1,0,12,0,0,0
397,4,5195.8671875,3653.64208984375,3.178400754928589,4,1,0,12,0,0,0
398,3,17370.1015625,16901.990234375,2.165234088897705,6,1,0,6,1,0,0
400,4,5682.21630859375,4253.2470703125,3.5768864154815674,3,2,1,12,1,0,0
400,3,1317.8408203125,404.55194091796875,3.8002076148986816,3,2,1,6,0,0,0
