evt,n_daughters,sum_pt,chain_pt,chain_abs_eta,npvs,n_chains_in_evt,multi_b,n_true_edges,node_surv,edge_surv,chain_min_score,surv
2,3,6185.66748046875,6166.30517578125,3.517759323120117,3,1,0,6,0,0,0.6390087604522705,0
4,4,2533.775634765625,2232.06982421875,3.5506534576416016,5,1,0,12,1,1,0.9145848751068115,1
5,2,1643.11279296875,901.6387939453125,3.8002076148986816,4,1,0,2,1,1,0.983193039894104,1
8,3,1051.645263671875,815.3838500976562,3.8002076148986816,4,1,0,6,0,0,0.596580445766449,0
10,3,7518.302734375,7439.3388671875,2.2997641563415527,5,1,0,6,0,1,0.6000797152519226,0
11,2,1644.4072265625,1432.8280029296875,3.199120044708252,6,1,0,2,0,0,0.22009356319904327,0
13,2,976.58740234375,915.673095703125,2.3582513332366943,6,1,0,2,0,0,0.5312454104423523,0
16,2,2510.48681640625,2478.77001953125,3.8002076148986816,6,1,0,2,0,0,0.060880132019519806,0
17,4,4626.0908203125,4539.09375,3.8002076148986816,10,2,1,12,0,0,0.19034990668296814,0
17,5,1515.8553466796875,904.2249755859375,3.8002076148986816,10,2,1,20,0,0,0.21239088475704193,0
18,2,1510.4971923828125,1192.8370361328125,2.7809934616088867,7,1,0,2,1,0,0.8622295260429382,0
19,2,1513.98681640625,431.53582763671875,3.8002076148986816,9,2,1,2,0,0,0.5075756907463074,0
19,5,2180.106689453125,1177.9747314453125,3.8002076148986816,9,2,1,20,0,0,0.22695669531822205,0
20,4,3413.206787109375,2464.6767578125,3.1134145259857178,10,1,0,12,0,0,0.6295229196548462,0
23,3,4499.681640625,4485.1123046875,2.6627204418182373,5,1,0,6,0,0,0.8488173484802246,0
25,2,2292.935791015625,2199.16796875,3.8002076148986816,7,1,0,2,1,1,0.9002605676651001,1
27,3,3852.48974609375,3088.75244140625,3.8002076148986816,8,1,0,6,1,1,0.9437891244888306,1
31,2,3432.37890625,2016.51123046875,3.0281760692596436,6,1,0,2,1,1,0.9638342261314392,1
32,5,3162.3837890625,2987.913330078125,3.8002076148986816,5,1,0,20,0,0,0.4155658185482025,0
33,5,2225.313232421875,527.9891357421875,3.8002076148986816,4,2,1,20,0,0,0.06458460539579391,0
33,5,6785.64453125,6562.17138671875,3.219449043273926,4,2,1,20,0,0,0.27971336245536804,0
34,2,3010.49755859375,2806.00146484375,3.8002076148986816,5,1,0,2,1,1,0.9523734450340271,1
38,2,3278.408935546875,3260.81982421875,2.920646905899048,5,1,0,2,1,0,0.8983961939811707,0
43,4,2054.39599609375,1999.356201171875,3.1713485717773438,7,1,0,12,1,1,0.9442669749259949,1
44,2,415.55194091796875,414.4743347167969,3.8002076148986816,3,1,0,2,0,0,0.5777690410614014,0
46,2,1568.056396484375,1268.5377197265625,2.7084763050079346,2,1,0,2,0,0,0.6777588129043579,0
47,2,712.47607421875,687.478759765625,3.5001604557037354,6,2,1,2,0,0,0.06598708033561707,0
47,2,1081.570068359375,1077.9107666015625,3.04217791557312,6,2,1,2,0,0,0.5472670793533325,0
49,4,4048.9609375,3755.62353515625,3.8002076148986816,2,2,1,12,1,1,0.9897623658180237,1
49,2,1756.8878173828125,1753.9053955078125,3.3245737552642822,2,2,1,2,1,1,0.9708312153816223,1
50,5,7262.91015625,6358.77880859375,3.8002076148986816,5,1,0,20,0,0,0.7120277881622314,0
51,4,3273.84521484375,3173.433837890625,3.8002076148986816,5,1,0,12,1,1,0.9275904893875122,1
52,5,2792.898193359375,2325.783447265625,3.8002076148986816,2,2,1,20,1,1,0.9657773971557617,1
52,3,5517.421875,5352.11474609375,2.961167812347412,2,2,1,6,0,1,0.8193250298500061,0
53,3,2417.697021484375,1817.91650390625,2.974719762802124,4,2,1,6,1,1,0.9780001044273376,1
53,3,2838.909912109375,2762.519775390625,3.176928997039795,4,2,1,6,1,1,0.9940924048423767,1
54,2,1757.94140625,1621.378662109375,2.1954333782196045,2,1,0,2,1,1,0.9747728109359741,1
55,4,2972.343017578125,2929.178466796875,2.3526177406311035,7,1,0,12,1,1,0.9720131754875183,1
58,2,5388.93505859375,5276.45751953125,3.8002076148986816,5,1,0,2,1,1,0.9658315181732178,1
59,4,4143.3505859375,3684.45068359375,3.158205032348633,9,1,0,12,0,0,0.05823112279176712,0
60,4,2829.1494140625,2394.751220703125,2.8935413360595703,9,1,0,12,0,0,0.849702000617981,0
61,4,3141.308349609375,2946.789794921875,2.639385223388672,6,1,0,12,0,0,0.5041993856430054,0
66,2,1843.7542724609375,1839.89990234375,2.5086417198181152,4,1,0,2,0,1,0.8844058513641357,0
68,2,1148.530029296875,1072.88623046875,2.8049261569976807,4,1,0,2,0,0,0.19647707045078278,0
70,3,2511.40234375,2446.912353515625,2.611450672149658,5,1,0,6,0,0,0.7684158682823181,0
77,7,6018.93408203125,5629.10595703125,3.8002076148986816,7,2,1,42,0,1,0.8100555539131165,0
77,4,4987.4716796875,4732.4638671875,3.1230084896087646,7,2,1,12,1,1,0.9938501119613647,1
78,2,1823.5811767578125,670.5694580078125,3.318941593170166,6,1,0,2,1,1,0.9764410257339478,1
82,3,2821.107421875,2475.875244140625,2.4724907875061035,6,1,0,6,0,0,0.6272345781326294,0
84,2,2712.03955078125,2692.916259765625,2.7228927612304688,8,1,0,2,1,1,0.9239779114723206,1
87,5,2604.68017578125,1789.3306884765625,3.8002076148986816,4,2,1,20,0,0,0.22065608203411102,0
87,3,868.83447265625,246.5721893310547,3.8002076148986816,4,2,1,6,0,0,0.11209125071763992,0
88,2,1277.6009521484375,1277.6009521484375,3.014672040939331,3,1,0,2,1,0,0.8918835520744324,0
90,2,2109.125,1953.313720703125,3.4932162761688232,6,2,1,2,1,1,0.9104501605033875,1
90,2,2641.34130859375,2472.21826171875,2.6582844257354736,6,2,1,2,1,1,0.9733747839927673,1
91,2,844.1710205078125,837.0473022460938,3.0300967693328857,6,1,0,2,0,0,0.19953253865242004,0
92,2,2606.328125,2468.6064453125,2.4915242195129395,9,1,0,2,1,1,0.9616972208023071,1
94,5,2242.82373046875,1247.4437255859375,3.8002076148986816,4,2,1,20,0,0,0.5615007281303406,0
94,2,513.8659057617188,134.51112365722656,3.8002076148986816,4,2,1,2,0,0,0.7451545000076294,0
96,4,6382.28955078125,6339.65380859375,3.017366409301758,4,2,1,12,1,1,0.9759568572044373,1
96,2,2307.59765625,2187.730712890625,2.1866462230682373,4,2,1,2,0,0,0.8431199789047241,0
97,4,7760.04541015625,7683.2890625,3.8002076148986816,6,1,0,12,1,1,0.9809060096740723,1
98,2,2288.758544921875,2246.97021484375,3.6737935543060303,9,1,0,2,0,0,0.6714650988578796,0
99,3,7459.9423828125,7348.310546875,3.2607548236846924,5,2,1,6,1,1,0.9919198751449585,1
99,2,867.0941162109375,822.7142333984375,2.5303783416748047,5,2,1,2,0,0,0.37733420729637146,0
100,4,7467.4111328125,6978.9697265625,2.4158763885498047,5,1,0,12,1,1,0.9409540295600891,1
101,3,2160.63330078125,1787.00732421875,3.4773831367492676,8,1,0,6,0,0,0.021811703220009804,0
103,3,1836.218017578125,196.4256591796875,3.8002076148986816,6,2,1,6,1,0,0.8483061194419861,0
103,2,5189.93701171875,4739.07568359375,3.230849027633667,6,2,1,2,1,1,0.9462350010871887,1
104,2,3358.638427734375,3355.308349609375,3.382988214492798,8,2,1,2,0,0,0.014060170389711857,0
104,2,2822.1787109375,2413.584228515625,2.7152109146118164,8,2,1,2,1,1,0.9247995615005493,1
105,2,3393.964111328125,3373.8486328125,2.4992761611938477,4,1,0,2,1,1,0.97882479429245,1
108,3,8195.65625,7647.28759765625,3.8002076148986816,5,1,0,6,0,0,0.1636269986629486,0
111,2,1769.6005859375,794.2958984375,3.8002076148986816,8,1,0,2,1,1,0.9499635100364685,1
112,5,2463.601318359375,2136.751708984375,3.8002076148986816,6,2,1,20,0,1,0.72156822681427,0
112,4,3168.38330078125,2666.74267578125,3.8002076148986816,6,2,1,12,1,1,0.9797939658164978,1
116,2,1110.986083984375,962.4737548828125,2.8498547077178955,4,1,0,2,0,0,0.21344436705112457,0
117,4,1417.557373046875,1093.6295166015625,3.4871323108673096,6,2,1,12,0,0,0.03941747546195984,0
117,3,4089.869140625,4017.4970703125,2.870546340942383,6,2,1,6,1,0,0.7649672627449036,0
118,2,3812.198974609375,3363.9638671875,3.3066046237945557,7,2,1,2,1,0,0.883869469165802,0
118,2,1948.134521484375,1014.0169677734375,3.4942023754119873,7,2,1,2,1,1,0.9440921545028687,1
123,2,2241.533203125,2235.31640625,2.651259422302246,9,1,0,2,0,0,0.818834662437439,0
128,3,4442.318359375,4084.3857421875,2.3217155933380127,8,1,0,6,0,0,0.5480696558952332,0
130,2,1058.148193359375,726.3223876953125,3.8002076148986816,2,2,1,2,0,0,0.3882019519805908,0
130,2,4959.05517578125,4958.376953125,3.2017769813537598,2,2,1,2,1,1,0.9634443521499634,1
131,2,1849.814208984375,1820.0694580078125,3.764063835144043,8,2,1,2,1,1,0.9825631380081177,1
131,5,3215.16845703125,2794.331787109375,3.8002076148986816,8,2,1,20,0,0,0.6832470893859863,0
133,2,1201.09619140625,936.11767578125,2.9074840545654297,5,1,0,2,0,0,0.21803896129131317,0
136,2,2341.180419921875,2325.2412109375,2.587989568710327,5,1,0,2,1,1,0.9976388216018677,1
143,2,2732.12060546875,2728.76904296875,3.298107385635376,5,1,0,2,0,0,0.4290841817855835,0
144,4,3816.20458984375,3329.68896484375,3.175067663192749,6,2,1,12,0,0,0.6935489773750305,0
144,3,1422.1484375,1221.259765625,3.8002076148986816,6,2,1,6,0,0,0.6015026569366455,0
147,2,1503.1619873046875,1427.791015625,2.488088369369507,5,1,0,2,1,1,0.921330451965332,1
151,4,5916.46142578125,5651.728515625,3.5999715328216553,3,1,0,12,1,1,0.9964601397514343,1
153,5,5565.466796875,5402.9609375,3.8002076148986816,7,1,0,20,1,0,0.8937336206436157,0
156,4,3669.4150390625,2586.174560546875,3.424560546875,4,1,0,12,1,0,0.8213258385658264,0
157,2,3851.812255859375,3494.812255859375,2.865504741668701,4,2,1,2,0,0,0.8452705144882202,0
157,2,5056.40478515625,4900.306640625,3.8002076148986816,4,2,1,2,0,0,0.5550227165222168,0
158,2,2312.376708984375,1793.912841796875,2.939100503921509,3,2,1,2,0,0,0.3959391713142395,0
158,3,3463.541015625,3231.39599609375,3.8002076148986816,3,2,1,6,0,0,0.5279802083969116,0
159,2,4231.73291015625,4224.828125,2.2389743328094482,3,1,0,2,1,1,0.9571553468704224,1
161,2,1513.0540771484375,1502.705078125,3.3980796337127686,7,1,0,2,0,0,0.49968191981315613,0
164,4,2875.976806640625,2345.594482421875,3.71586275100708,4,1,0,12,1,1,0.9712996482849121,1
165,2,1820.87548828125,1808.2130126953125,3.8002076148986816,6,2,1,2,0,0,0.5623326301574707,0
165,4,2261.7822265625,1565.7542724609375,3.8002076148986816,6,2,1,12,0,0,0.7588292360305786,0
166,6,6588.61083984375,6069.63427734375,3.8002076148986816,4,1,0,30,1,1,0.9332672357559204,1
168,2,917.1683349609375,461.1189270019531,3.8002076148986816,1,2,1,2,0,0,0.19746407866477966,0
168,3,3808.8896484375,3556.08544921875,3.3239166736602783,1,2,1,6,1,1,0.9630216360092163,1
170,2,1044.740966796875,993.9347534179688,3.8002076148986816,4,1,0,2,0,0,0.3757511377334595,0
171,2,527.0211791992188,426.5271911621094,3.496180534362793,5,2,1,2,0,0,0.2799490690231323,0
171,3,1452.927978515625,650.1832275390625,3.8002076148986816,5,2,1,6,0,0,0.5199553966522217,0
172,4,6730.3642578125,6598.32421875,3.0704290866851807,9,1,0,12,1,1,0.9311023950576782,1
175,2,705.9996337890625,484.98736572265625,3.8002076148986816,8,2,1,2,0,0,0.577420711517334,0
175,2,687.4204711914062,518.7180786132812,3.0230202674865723,8,2,1,2,0,0,0.2181919515132904,0
176,4,12616.10546875,12434.572265625,3.276477575302124,3,1,0,12,1,1,0.9882285594940186,1
177,2,1308.6546630859375,1282.5758056640625,2.9865784645080566,7,1,0,2,0,0,0.8338996767997742,0
179,4,2043.863037109375,861.6057739257812,3.8002076148986816,6,2,1,12,0,0,0.06510789692401886,0
179,2,1483.0108642578125,1481.141357421875,2.605452299118042,6,2,1,2,0,0,0.05759477615356445,0
180,3,2000.064697265625,1845.5328369140625,2.448312997817993,3,1,0,6,1,1,0.9047952890396118,1
181,4,2227.7255859375,1947.1107177734375,3.8002076148986816,4,2,1,12,0,0,0.10640086233615875,0
181,3,2916.9677734375,2879.5234375,3.7426416873931885,4,2,1,6,0,0,0.14486752450466156,0
182,3,2386.509033203125,1897.317626953125,3.8002076148986816,8,1,0,6,0,0,0.0747017189860344,0
184,3,3572.7939453125,3570.46044921875,2.401305675506592,8,1,0,6,1,1,0.9943916201591492,1
185,2,646.1763305664062,595.312744140625,3.2131102085113525,5,1,0,2,0,0,0.1759955734014511,0
186,3,1332.0166015625,329.3110656738281,3.8002076148986816,3,2,1,6,0,0,0.17560803890228271,0
186,2,1384.897216796875,1283.51416015625,3.0073788166046143,3,2,1,2,0,0,0.46154049038887024,0
187,5,12534.3798828125,12055.33203125,3.17521333694458,8,1,0,20,1,1,0.9037234783172607,1
191,4,4145.27978515625,4096.34521484375,2.525935649871826,6,1,0,12,0,0,0.39378809928894043,0
193,5,1992.2928466796875,859.9964599609375,3.8002076148986816,3,2,1,20,0,0,0.10991821438074112,0
193,4,6025.5341796875,5708.712890625,2.915064811706543,3,2,1,12,1,1,0.991019070148468,1
196,2,2162.3154296875,2116.079833984375,2.4660732746124268,6,1,0,2,0,0,0.5285346508026123,0
204,2,3322.232421875,3243.549560546875,3.4141085147857666,6,1,0,2,1,1,0.9937291145324707,1
205,3,2597.7060546875,2531.990234375,3.347262144088745,4,1,0,6,1,1,0.9214931130409241,1
206,4,3187.941162109375,921.8828125,3.8002076148986816,7,2,1,12,0,0,0.772676944732666,0
206,2,1954.2822265625,1949.3258056640625,2.020141124725342,7,2,1,2,1,1,0.9866625666618347,1
208,4,2672.33984375,264.0351867675781,3.8002076148986816,6,2,1,12,1,1,0.9370731711387634,1
208,5,2806.212646484375,2294.955810546875,3.8002076148986816,6,2,1,20,0,1,0.6678330302238464,0
209,4,2222.23046875,1269.4644775390625,3.8002076148986816,7,2,1,12,0,0,0.640256404876709,0
209,4,2120.978759765625,971.531005859375,3.8002076148986816,7,2,1,12,0,0,0.126061350107193,0
213,5,4817.89501953125,4184.8330078125,3.8002076148986816,6,1,0,20,0,0,0.23130762577056885,0
218,2,1566.40625,1524.06640625,3.8002076148986816,9,1,0,2,1,1,0.9311099648475647,1
219,4,8288.107421875,8273.9345703125,3.709230422973633,4,1,0,12,1,1,0.9671195149421692,1
220,3,2079.90380859375,1141.0484619140625,3.8002076148986816,5,1,0,6,0,0,0.04413137584924698,0
223,2,878.163330078125,855.381103515625,3.8002076148986816,5,1,0,2,0,0,0.45096057653427124,0
227,4,3513.797607421875,2750.699951171875,3.8002076148986816,3,1,0,12,0,1,0.805573046207428,0
229,2,2910.39697265625,2831.633544921875,3.8002076148986816,7,1,0,2,1,1,0.9001572132110596,1
230,4,2472.810546875,1903.65087890625,3.3622448444366455,4,2,1,12,1,1,0.92097008228302,1
230,2,1639.757080078125,1132.5478515625,3.5367207527160645,4,2,1,2,1,1,0.9271084666252136,1
234,2,998.97216796875,453.9632873535156,3.8002076148986816,5,1,0,2,1,1,0.9236937761306763,1
235,3,1096.7344970703125,992.341064453125,3.8002076148986816,4,1,0,6,0,0,0.2939879298210144,0
236,5,3857.3271484375,3761.42822265625,3.8002076148986816,4,1,0,20,1,0,0.8503022789955139,0
237,3,2149.5146484375,1775.7574462890625,3.680392026901245,7,1,0,6,0,0,0.06665358692407608,0
238,3,3819.4619140625,3651.74853515625,3.289536714553833,7,1,0,6,1,1,0.9720180630683899,1
239,6,2269.23828125,1685.50341796875,3.8002076148986816,5,1,0,30,0,0,0.37568026781082153,0
242,2,3296.350830078125,3296.2919921875,3.0993919372558594,6,1,0,2,1,1,0.9871401190757751,1
243,2,1892.6578369140625,1303.9962158203125,3.6196200847625732,4,1,0,2,0,0,0.20706407725811005,0
244,2,978.2825317382812,959.054443359375,2.7900140285491943,1,1,0,2,1,1,0.9407629370689392,1
246,3,10860.685546875,10805.7890625,2.1782145500183105,6,1,0,6,1,1,0.902604341506958,1
247,4,1999.6376953125,1404.822021484375,3.729318857192993,6,2,1,12,0,0,0.5771001577377319,0
247,4,1048.2315673828125,527.4277954101562,3.8002076148986816,6,2,1,12,0,0,0.08530393987894058,0
249,2,1546.09033203125,1498.0416259765625,2.4224743843078613,3,1,0,2,1,1,0.9747186303138733,1
254,3,2568.85791015625,2492.079833984375,3.4704365730285645,6,1,0,6,1,0,0.8651918768882751,0
255,3,6711.16259765625,6574.30078125,3.8002076148986816,7,2,1,6,1,1,0.9337384104728699,1
255,2,989.0353393554688,829.8078002929688,3.8002076148986816,7,2,1,2,0,0,0.700961709022522,0
256,3,2180.729248046875,1917.7930908203125,3.8002076148986816,10,2,1,6,1,1,0.957542359828949,1
256,4,3938.566650390625,3905.56689453125,3.7768192291259766,10,2,1,12,1,1,0.9702773094177246,1
258,2,4777.88671875,4651.44873046875,3.078394889831543,6,1,0,2,1,1,0.9714484810829163,1
259,3,1269.989501953125,907.1583251953125,3.8002076148986816,6,1,0,6,0,0,0.15307478606700897,0
260,5,3251.684814453125,3228.072021484375,3.8002076148986816,3,2,1,20,0,0,0.22847715020179749,0
260,3,5295.4501953125,5294.88623046875,2.972604274749756,3,2,1,6,1,1,0.9902160167694092,1
264,3,2455.45654296875,1111.3134765625,3.8002076148986816,7,2,1,6,0,0,0.2613488733768463,0
264,2,1639.056396484375,1638.9339599609375,3.8002076148986816,7,2,1,2,0,0,0.6400262117385864,0
266,3,2344.0908203125,1311.393310546875,3.8002076148986816,11,2,1,6,0,0,0.6113237738609314,0
266,3,1746.1978759765625,1641.3631591796875,2.854506015777588,11,2,1,6,0,0,0.6370620727539062,0
267,2,2579.86279296875,2100.97412109375,2.9482386112213135,5,1,0,2,0,0,0.2891606092453003,0
268,3,1264.61279296875,810.8124389648438,3.752546548843384,5,1,0,6,0,0,0.3601270616054535,0
269,2,2303.814453125,2245.39697265625,3.6353087425231934,9,1,0,2,1,1,0.9835398197174072,1
270,6,8588.40234375,2231.954345703125,3.8002076148986816,5,1,0,30,0,0,0.1419825255870819,0
271,4,4421.166015625,3730.84912109375,2.9372360706329346,10,2,1,12,0,0,0.5634456276893616,0
271,2,1993.9244384765625,1589.8369140625,2.565525531768799,10,2,1,2,1,1,0.9184448719024658,1
273,2,3474.58056640625,3030.268798828125,2.2463157176971436,9,1,0,2,1,1,0.9721347093582153,1
275,3,3646.68310546875,3427.990478515625,3.8002076148986816,4,1,0,6,1,1,0.9892920255661011,1
276,2,1055.35546875,893.6847534179688,3.4662258625030518,4,1,0,2,0,0,0.35640543699264526,0
282,3,6952.0498046875,6715.3076171875,3.8002076148986816,5,2,1,6,0,0,0.19987398386001587,0
282,2,2810.9169921875,2809.07421875,3.8002076148986816,5,2,1,2,0,1,0.7841152548789978,0
285,4,4912.359375,4539.92529296875,3.5450518131256104,6,2,1,12,1,1,0.9608491659164429,1
285,2,523.5257568359375,497.03070068359375,3.6266961097717285,6,2,1,2,0,0,0.7885730862617493,0
286,4,6972.4150390625,6913.87451171875,2.782438039779663,6,2,1,12,1,1,0.9116066694259644,1
286,4,3832.422607421875,3587.4931640625,3.8002076148986816,6,2,1,12,1,1,0.9678736329078674,1
287,2,1634.0123291015625,1253.68310546875,2.940354347229004,9,1,0,2,0,0,0.11343811452388763,0
288,4,2810.79248046875,2533.33056640625,2.9475579261779785,4,1,0,12,0,0,0.30797278881073,0
290,2,1928.9869384765625,705.2229614257812,3.349087953567505,8,1,0,2,0,0,0.6086412668228149,0
291,2,2354.282470703125,2311.474365234375,3.47627329826355,6,1,0,2,0,0,0.08099175989627838,0
293,3,962.2354736328125,702.9934692382812,3.8002076148986816,7,1,0,6,0,0,0.19156379997730255,0
294,4,4565.31396484375,4421.91259765625,3.8002076148986816,7,1,0,12,0,1,0.6513348817825317,0
295,2,981.4654541015625,859.8502197265625,2.837467670440674,3,1,0,2,0,1,0.88121497631073,0
297,4,15524.77734375,15365.73828125,3.420549154281616,4,1,0,12,0,1,0.8529167771339417,0
299,4,3267.89501953125,2862.776123046875,3.565488338470459,2,1,0,12,0,0,0.5247260332107544,0
300,5,6820.71826171875,6243.73681640625,3.8002076148986816,5,1,0,20,1,1,0.9147127270698547,1
304,2,4587.95654296875,4573.7255859375,1.7066742181777954,4,2,1,2,1,1,0.9955092668533325,1
304,2,1546.9949951171875,1542.271484375,2.7638983726501465,4,2,1,2,1,1,0.9828123450279236,1
307,3,1588.6898193359375,1463.80712890625,3.3642385005950928,9,1,0,6,1,0,0.8593624234199524,0
308,2,412.8833312988281,302.8645935058594,3.8002076148986816,5,1,0,2,0,0,0.5930248498916626,0
309,5,3840.533935546875,849.6776123046875,3.8002076148986816,9,2,1,20,0,0,0.17707951366901398,0
309,3,6261.64794921875,6021.021484375,2.3966948986053467,9,2,1,6,1,1,0.9470812082290649,1
311,2,1613.44921875,1613.2623291015625,3.514378547668457,6,2,1,2,1,1,0.9900936484336853,1
311,2,1145.617431640625,1143.2318115234375,3.8002076148986816,6,2,1,2,1,1,0.9527003765106201,1
313,2,3380.34130859375,3376.73193359375,2.3357913494110107,8,1,0,2,0,1,0.5903637409210205,0
314,3,1804.723388671875,668.6654663085938,3.8002076148986816,5,2,1,6,0,0,0.3253423869609833,0
314,4,1881.10302734375,1257.2431640625,3.8002076148986816,5,2,1,12,0,0,0.5166463851928711,0
316,4,3434.7578125,2439.638916015625,3.8002076148986816,8,2,1,12,1,0,0.8793764114379883,0
316,2,4614.1767578125,4459.4736328125,3.8002076148986816,8,2,1,2,0,0,0.5232613682746887,0
318,2,1812.1636962890625,1792.0458984375,2.6137185096740723,4,1,0,2,0,1,0.8460966348648071,0
320,3,2106.51123046875,1129.15380859375,3.039386749267578,7,1,0,6,0,0,0.4794532358646393,0
323,3,3221.495849609375,2628.912109375,2.962635040283203,4,1,0,6,1,0,0.8818920254707336,0
325,2,2185.9140625,1921.6873779296875,3.3059260845184326,3,2,1,2,1,1,0.9550759792327881,1
325,6,7870.6669921875,7735.9501953125,3.059293270111084,3,2,1,30,0,1,0.8626117706298828,0
326,4,7400.7451171875,7321.70654296875,3.544443130493164,6,1,0,12,1,1,0.9739767909049988,1
328,4,4789.150390625,4474.45458984375,3.8002076148986816,8,2,1,12,0,0,0.7529772520065308,0
328,2,1396.3330078125,1396.3251953125,3.641242265701294,8,2,1,2,0,0,0.7806004285812378,0
334,2,1375.654541015625,1348.63037109375,2.7166848182678223,3,1,0,2,1,1,0.9569761753082275,1
337,3,1418.052490234375,1183.3209228515625,3.8002076148986816,4,2,1,6,0,0,0.11262197047472,0
337,2,3161.1103515625,1652.410400390625,3.4438979625701904,4,2,1,2,1,1,0.9144694805145264,1
339,3,1206.63427734375,651.2177734375,3.5815846920013428,7,2,1,6,0,0,0.1767227053642273,0
339,4,4607.61328125,4575.72216796875,2.2866244316101074,7,2,1,12,0,0,0.14802376925945282,0
345,2,1372.891845703125,1364.5068359375,2.3897244930267334,6,1,0,2,0,0,0.10754408687353134,0
346,2,3507.53564453125,3505.612548828125,2.240922689437866,4,1,0,2,0,0,0.8790442943572998,0
347,4,1660.509521484375,1410.7381591796875,3.8002076148986816,5,1,0,12,1,1,0.9382457137107849,1
348,4,3716.029541015625,3481.026123046875,2.6962716579437256,9,1,0,12,1,1,0.9648305177688599,1
349,3,4879.36669921875,4504.97607421875,2.4841692447662354,6,1,0,6,0,0,0.6542267203330994,0
350,2,5855.50439453125,5779.30224609375,3.8002076148986816,7,1,0,2,0,0,0.7027965188026428,0
351,4,11722.119140625,11363.3203125,3.148700475692749,6,1,0,12,1,1,0.9623244404792786,1
352,2,1092.0648193359375,743.6543579101562,3.5008816719055176,5,1,0,2,1,1,0.9291269779205322,1
354,2,578.2052001953125,498.4692077636719,3.598116159439087,5,1,0,2,0,0,0.4422287940979004,0
355,6,3529.332763671875,3353.12890625,3.7252979278564453,4,1,0,30,1,1,0.9825809597969055,1
357,3,1595.539794921875,888.01708984375,3.8002076148986816,5,1,0,6,0,0,0.6071664690971375,0
360,2,3122.0615234375,3022.927490234375,2.3495166301727295,5,1,0,2,1,1,0.9937559366226196,1
361,6,4724.5302734375,3960.6630859375,3.470452070236206,9,1,0,30,0,0,0.4035201668739319,0
362,3,1967.7215576171875,1447.7030029296875,3.8002076148986816,5,2,1,6,0,0,0.8439759612083435,0
362,3,2786.2421875,2758.597900390625,2.929983377456665,5,2,1,6,0,0,0.5742955803871155,0
363,4,3764.881103515625,2802.279052734375,3.8002076148986816,2,2,1,12,1,1,0.916720449924469,1
363,3,3774.62109375,361.2900390625,3.8002076148986816,2,2,1,6,1,1,0.9656257033348083,1
364,3,8256.2294921875,8186.3623046875,2.347177028656006,5,1,0,6,0,0,0.0993732139468193,0
366,2,4911.48291015625,4823.53076171875,2.2835400104522705,7,1,0,2,1,1,0.9955688118934631,1
368,2,3678.253173828125,3666.384521484375,1.9204671382904053,4,1,0,2,1,1,0.9137035608291626,1
369,3,4907.4765625,4529.0751953125,2.6837551593780518,4,1,0,6,1,1,0.9229809045791626,1
371,4,2732.93017578125,1034.0789794921875,3.8002076148986816,5,2,1,12,0,0,0.028968319296836853,0
371,2,5791.541015625,5488.22509765625,3.245993137359619,5,2,1,2,1,1,0.9683682322502136,1
373,3,2008.873779296875,766.9739379882812,3.8002076148986816,7,1,0,6,0,0,0.14615879952907562,0
375,6,5458.22216796875,5061.470703125,3.8002076148986816,5,1,0,30,0,0,0.4789845645427704,0
376,3,7713.8046875,7707.7607421875,1.9772839546203613,8,1,0,6,1,1,0.9738213419914246,1
378,3,3691.6962890625,3677.547119140625,3.3948309421539307,10,1,0,6,1,0,0.8739229440689087,0
382,4,4050.523193359375,3851.016357421875,3.4608829021453857,4,1,0,12,1,1,0.9869688153266907,1
384,6,4883.52587890625,4605.32080078125,3.32232928276062,9,1,0,30,0,0,0.14060206711292267,0
385,4,10237.8076171875,10166.37890625,2.960843563079834,6,1,0,12,1,1,0.9119342565536499,1
386,2,574.018310546875,378.16162109375,3.8002076148986816,8,1,0,2,0,0,0.6643150448799133,0
387,3,4154.6005859375,3865.923828125,3.615253210067749,3,2,1,6,1,1,0.9765026569366455,1
387,3,4180.7451171875,3998.837646484375,3.8002076148986816,3,2,1,6,1,1,0.954052209854126,1
395,6,4185.9033203125,3511.79150390625,3.8002076148986816,7,2,1,30,0,0,0.8734941482543945,0
395,2,1958.536865234375,1424.895263671875,3.8002076148986816,7,2,1,2,1,0,0.8625281453132629,0
399,4,2256.45751953125,2045.4215087890625,2.7912254333496094,6,1,0,12,0,0,0.24891069531440735,0
400,5,2495.67041015625,1422.23388671875,3.8002076148986816,6,1,0,20,0,0,0.6253045201301575,0
402,4,6356.9013671875,5748.453125,3.401578187942505,5,1,0,12,1,1,0.943515956401825,1
404,4,3409.21044921875,2245.690673828125,2.6797287464141846,5,2,1,12,0,0,0.004753692541271448,0
404,4,7596.2060546875,7552.27783203125,3.586599826812744,5,2,1,12,0,0,0.6406279802322388,0
406,4,5818.77734375,5558.8134765625,3.8002076148986816,4,1,0,12,0,0,0.7799168229103088,0
407,3,2403.75537109375,1669.1949462890625,3.457984209060669,5,1,0,6,0,0,0.17398616671562195,0
409,2,2492.68896484375,2476.696533203125,2.5260937213897705,6,1,0,2,0,1,0.755953311920166,0
411,3,2062.84375,2031.74365234375,2.8135385513305664,4,2,1,6,0,0,0.7431617975234985,0
411,2,1350.27197265625,1241.9620361328125,3.0977673530578613,4,2,1,2,1,0,0.7739763259887695,0
415,2,1859.391357421875,803.6926879882812,3.8002076148986816,5,2,1,2,0,0,0.15695255994796753,0
415,3,1317.7113037109375,588.121337890625,3.8002076148986816,5,2,1,6,0,0,0.6147723197937012,0
416,2,624.449951171875,607.1410522460938,3.8002076148986816,11,1,0,2,0,0,0.1783951222896576,0
419,2,1132.371826171875,1117.022705078125,3.092815399169922,8,1,0,2,0,0,0.25350165367126465,0
421,2,1497.465087890625,1381.20703125,3.186577320098877,6,1,0,2,0,0,0.8726629018783569,0
426,4,1540.459716796875,1285.4481201171875,3.3660521507263184,5,1,0,12,0,0,0.09842147678136826,0
427,2,1707.279052734375,1639.578369140625,3.2500529289245605,8,1,0,2,0,0,0.3057918846607208,0
428,5,6609.537109375,6118.6181640625,3.680673599243164,4,2,1,20,0,1,0.8924372792243958,0
428,5,2207.44140625,1643.67724609375,3.8002076148986816,4,2,1,20,0,0,0.5845645666122437,0
433,2,2265.35693359375,1471.578125,3.8002076148986816,7,2,1,2,0,0,0.23614226281642914,0
433,2,1863.8758544921875,1784.418701171875,3.76939058303833,7,2,1,2,0,0,0.8781851530075073,0
435,5,5564.3544921875,5155.1044921875,2.889645576477051,6,2,1,20,0,1,0.8699957132339478,0
435,2,2428.732177734375,2418.4775390625,2.6602160930633545,6,2,1,2,0,1,0.8733170032501221,0
436,4,5303.2216796875,5244.86181640625,2.5398361682891846,8,1,0,12,0,0,0.4247971475124359,0
437,2,2982.005859375,2812.9482421875,2.534747838973999,9,2,1,2,0,0,0.06782329082489014,0
437,2,1977.76318359375,1926.8369140625,2.4661026000976562,9,2,1,2,1,1,0.9460509419441223,1
438,2,3412.51513671875,3325.711669921875,2.233164072036743,6,1,0,2,1,1,0.9820143580436707,1
439,2,2692.86474609375,1981.6292724609375,3.733163833618164,5,1,0,2,1,1,0.9434313774108887,1
440,3,4241.76953125,3154.6240234375,3.8002076148986816,9,1,0,6,0,0,0.7737936973571777,0
442,3,2079.9462890625,1601.6068115234375,3.2626168727874756,5,1,0,6,1,1,0.9102943539619446,1
445,4,10764.921875,10654.1982421875,2.2782938480377197,7,1,0,12,1,1,0.9894634485244751,1
452,2,868.2747802734375,483.5911560058594,3.622622489929199,6,1,0,2,0,0,0.5512210130691528,0
453,2,5189.552734375,5185.29248046875,3.1701178550720215,6,1,0,2,1,1,0.978263795375824,1
454,4,3993.787109375,3947.2880859375,2.9274303913116455,5,1,0,12,1,1,0.9598439335823059,1
455,5,4315.1171875,3943.35986328125,3.5481960773468018,5,2,1,20,0,0,0.7304678559303284,0
455,2,2976.208740234375,2928.815673828125,3.8002076148986816,5,2,1,2,0,1,0.8302374482154846,0
456,2,3731.908935546875,3490.341064453125,3.8002076148986816,6,2,1,2,0,1,0.8916213512420654,0
456,2,4967.73828125,4860.45458984375,2.1350138187408447,6,2,1,2,1,1,0.9961233735084534,1
457,3,1730.71484375,1254.3599853515625,3.374454975128174,4,1,0,6,0,0,0.7039452195167542,0
458,4,3245.01806640625,1303.864990234375,3.8002076148986816,4,1,0,12,0,0,0.4397663474082947,0
459,3,5854.7177734375,5801.201171875,2.259617328643799,8,2,1,6,0,0,0.6607105135917664,0
459,2,1517.02490234375,1182.4459228515625,2.73936128616333,8,2,1,2,0,0,0.5603867769241333,0
460,2,1369.065673828125,725.0380249023438,3.3597638607025146,5,1,0,2,0,0,0.2209378480911255,0
461,4,1956.4940185546875,1676.964111328125,3.408499240875244,3,2,1,12,1,1,0.956548273563385,1
461,7,2970.611328125,793.2863159179688,3.8002076148986816,3,2,1,42,0,0,0.42338797450065613,0
463,3,4435.357421875,4388.3525390625,3.8002076148986816,3,1,0,6,0,1,0.7512440085411072,0
464,5,7055.5810546875,6827.70166015625,3.124933958053589,7,2,1,20,0,0,0.46128225326538086,0
464,3,3255.748779296875,2121.47119140625,3.8002076148986816,7,2,1,6,0,0,0.15460063517093658,0
465,2,931.2010498046875,657.3646850585938,3.396359443664551,5,1,0,2,0,0,0.30464497208595276,0
466,5,3329.79736328125,829.7140502929688,3.8002076148986816,4,1,0,20,1,1,0.9251013398170471,1
468,4,7853.5166015625,7643.64892578125,2.5496418476104736,7,1,0,12,1,0,0.8440989255905151,0
469,2,3050.36279296875,2550.098876953125,3.646193742752075,8,1,0,2,1,1,0.9593155384063721,1
473,2,1249.9637451171875,365.759521484375,3.8002076148986816,6,1,0,2,0,0,0.8320915102958679,0
479,5,3757.38037109375,3466.822509765625,3.3610150814056396,4,2,1,20,1,0,0.8623653650283813,0
479,3,3979.96044921875,3450.88037109375,3.155315637588501,4,2,1,6,0,0,0.25527793169021606,0
481,2,1828.44580078125,1741.0152587890625,2.011780261993408,6,1,0,2,0,0,0.49866971373558044,0
483,3,1482.683349609375,1369.9068603515625,3.7814791202545166,4,3,1,6,0,0,0.35841846466064453,0
483,3,545.697509765625,117.04844665527344,3.8002076148986816,4,3,1,6,0,0,0.17296333611011505,0
483,2,1890.8131103515625,1867.7921142578125,3.4634482860565186,4,3,1,2,0,1,0.6950422525405884,0
486,3,7833.7587890625,7235.513671875,2.8760969638824463,5,1,0,6,0,0,0.7031522393226624,0
487,2,1691.9110107421875,1427.5865478515625,3.783811092376709,3,2,1,2,1,1,0.9818124175071716,1
487,3,5069.6650390625,4896.7177734375,2.3295094966888428,3,2,1,6,1,1,0.9941530823707581,1
488,3,4351.79541015625,4272.60400390625,3.2616188526153564,6,1,0,6,0,0,0.14698883891105652,0
489,2,2405.3115234375,2104.726806640625,2.421757221221924,6,1,0,2,1,1,0.9681022763252258,1
491,2,2591.693603515625,1633.2493896484375,3.8002076148986816,4,1,0,2,1,1,0.9369528293609619,1
493,2,872.3521728515625,865.6156616210938,3.652857780456543,8,2,1,2,0,0,0.06641998142004013,0
493,5,3320.7060546875,2814.75,3.336090564727783,8,2,1,20,1,1,0.9765952825546265,1
494,2,1779.57421875,1764.8912353515625,2.915411949157715,6,1,0,2,0,0,0.7803099155426025,0
498,3,5455.728515625,5054.419921875,3.3889598846435547,5,1,0,6,0,0,0.059374623000621796,0
499,3,3581.39453125,3381.276611328125,3.3555617332458496,4,2,1,6,0,1,0.6597230434417725,0
499,6,5988.40673828125,5424.923828125,2.676543951034546,4,2,1,30,1,1,0.9799402356147766,1
