version,tag,all_hgnn,all_err,all_minip,all_iperr,sig_hgnn,sig_err,sig_minip
31,default,10.97,0.1,12.7,0.1,19.06,1.09,24.81
36,v33_b2,1.9,0.11,12.7,0.1,3.43,1.12,25.26
37,v37_b2_cl2,1.89,0.11,12.7,0.1,3.38,1.12,24.84
38,v38_b2_cl2_chaince,1.9,0.11,12.7,0.1,3.25,0.93,25.14
41,v40_pvcluster,13.79,0.1,12.7,0.1,12.74,1.05,16.11
44,v42_pvcluster,11.47,0.1,12.7,0.1,23.16,0.96,18.5
46,v38_masshead,1.92,0.11,12.7,0.1,3.17,0.92,25.13
47,v38_masshead2,1.92,0.11,12.7,0.1,3.36,0.91,25.41
48,v38_masshead_struct_mom,1.89,0.11,12.7,0.1,3.19,0.93,25.16
50,v38_small_base,1.96,0.22,12.7,0.2,3.0,1.86,24.48
51,v38_small_mom,1.99,0.22,12.7,0.2,3.14,1.83,24.3
52,v38_small_struct,1.96,0.22,12.7,0.2,3.34,1.83,24.7
53,v38_asym_mass,6.54,0.11,12.7,0.1,8.38,1.08,23.44
54,v38_asym_mass_final,2.64,0.11,12.7,0.1,3.62,1.05,23.48
500,ab01_rebal,1.92,0.11,12.7,0.1,3.2,1.0,23.83
501,ab02_b2,1.92,0.11,12.7,0.1,3.08,1.01,24.04
502,ab03_cl2w,1.93,0.11,12.7,0.1,3.14,1.0,23.9
503,ab04_hinge,1.92,0.11,12.7,0.1,3.16,1.0,24.08
504,ab05_ce,1.92,0.11,12.7,0.1,3.27,0.99,23.62
505,ab06_source,1.94,0.11,12.7,0.1,3.27,0.99,23.99
506,ab07_mass,1.95,0.11,12.7,0.1,3.18,1.0,23.82
507,ab08_struct,1.93,0.11,12.7,0.1,3.14,0.99,23.95
509,ab00_drift,1.93,0.11,12.7,0.1,3.18,1.0,23.98
510,v38_attn,1.9,0.11,12.7,0.1,3.24,0.93,25.17
511,v38_attn_full,1.9,0.11,12.7,0.1,3.24,0.92,25.22
512,v38_asym_up,3.82,0.11,12.7,0.1,5.08,1.17,23.09
514,v38_wide,2.77,0.11,12.7,0.1,4.46,1.15,23.23
515,v47_attn,1.91,0.11,12.7,0.1,3.22,0.91,25.35
516,v47_attn,1.91,0.11,12.7,0.1,3.25,0.91,25.13
517,v48_gen,1.9,0.11,12.7,0.1,3.23,0.92,25.23
518,v48_struct_gen,1.91,0.11,12.7,0.1,3.23,0.92,25.41
520,v48_struct_gen,1.91,0.11,12.7,0.1,3.27,0.91,25.27
530,chain_a1,1.93,0.11,12.7,0.1,3.3,1.01,23.88
540,v38_attn_full,1.9,0.11,12.7,0.1,3.2,0.92,25.15
545,v38_attn_full,1.9,0.11,12.7,0.1,3.16,0.93,25.17
546,v38_attn_full,1.9,0.11,12.7,0.1,3.13,0.93,25.22
548,v38_attn_full,1.91,0.11,12.7,0.1,3.26,0.92,25.27
549,join_v507_massmom,1.93,0.11,12.7,0.1,3.28,0.98,24.29
550,lrprobe_v507_lr1e4,1.94,0.11,12.7,0.1,3.27,0.9,25.32
551,lrprobe_v507_lr3e4,2.02,0.11,12.7,0.1,3.72,0.9,25.49
552,prune_node5,1.95,0.11,12.7,0.1,3.21,0.93,25.15
553,prune_edge3,1.67,0.11,12.7,0.1,2.74,0.93,25.15
554,prune_node5focal,1.77,0.11,12.7,0.1,2.02,1.2,23.81
555,prune_chainrec,1.9,0.11,12.7,0.1,3.35,0.96,25.11
556,stack_v551,1.8,0.11,12.7,0.1,3.02,0.91,25.47
557,hilr_node5,2.09,0.11,12.7,0.1,3.92,0.88,25.94
558,hilr_focal,1.72,0.11,12.7,0.1,1.71,1.52,27.29
559,hilr_ctrl,2.01,0.11,12.7,0.1,3.78,0.9,25.83
560,b2_hilr_ctrl,2.0,0.11,12.7,0.1,3.36,0.93,25.25
561,b2_hilr,1.99,0.11,12.7,0.1,3.43,0.94,25.81
563,hilr_node5_rep,2.04,0.11,12.7,0.1,3.55,0.89,26.14
