tag,n_tracks,n_chains,acc_ours,acc_minip,acc_minip_vote,acc_ours_blvl,p_true_pv0,p_ours_pv0,p_minip_pv0,meanidx_true,meanidx_ours,meanidx_minip,ourswrong_dmean,minipwrong_dmean,ourswrong_pct_lower,minipwrong_pct_lower,sentinel_pct,accv_ours,accv_minip,accv_minip_vote,accv_blvl,accv_n_tracks,gain_ours_only,loss_minip_only,chain_allok_ours,chain_unan_ours,chain_allok_minip,chain_unan_minip,chain_allok_minip_vote,chain_unan_minip_vote,chain_allok_ours_chain,chain_unan_ours_chain,chain_unan_truth
v601 / 0904 incl (new-MC trained),37255,7549,83.50288551872231,79.6537377533217,80.25499932894914,85.4596698429741,32.556166707714205,32.4685986372219,29.55148728894727,1.5999233779383193,1.6068740935336452,1.760747612401828,0.04674273095325727,0.77532981530343,48.27015090172985,32.70448548812665,1.9111528653871963,85.12984702952686,79.2573133021372,81.33705497632926,87.1247571354295,36543,8.210978392162126,4.361830626761509,62.047953371307464,70.07550668962776,57.385084117101606,59.10716651212081,67.92952708968075,100.0,71.87706981057093,100.0,77.48046098821037
v557 / 0702 July (arm A),70119,14196,95.65025171494173,77.2757740412727,83.25988676392988,96.26349491578601,31.013193141285505,31.0690598633414,27.51937429271297,1.6757724648684267,1.6694838774370067,1.8692575455886777,-0.16021897810218977,0.84768419731392,52.88321167883212,32.58441069411322,0.4421055633993639,96.07500465556016,77.17486284003495,83.45342291108597,96.69097107822773,69809,19.35281450106248,0.9783368273934312,90.58889828120597,92.40631163708086,56.03691180614258,58.24175824175825,82.02310510002818,100.0,94.63229078613693,100.0,97.37249929557622
v557 / 0904 renorm (arm C),23220,6635,78.38501291989665,83.22136089577951,74.29371231696813,73.54866494401378,32.10348120496571,35.52825766125532,29.134473478600576,1.5919350638076222,1.4533813699105824,1.7175102005382412,-0.6599131693198264,0.7425564681724846,64.9989663014265,32.417864476386036,0.7838070628768303,79.0042538414793,83.08880979251671,74.70700581647712,74.12969875857279,23038,8.565891472868218,13.402239448751077,61.67294649585531,72.23813112283347,67.30972117558403,57.588545591559914,61.32629992464204,100.0,60.31650339110776,100.0,69.3896006028636
v47 / 0702 July (arm A),67366,13927,96.17017486565923,77.40403170738949,82.86524359469169,96.76691506101001,31.16231271037503,31.230824223287957,27.65333174466057,1.6738851985344494,1.6646957195198238,1.8640046468678324,-0.26188455008488964,0.8385888845092629,55.220713073005086,32.69609775325188,0.3325119496481905,96.49101903428554,77.32864674868189,83.00616603616217,97.08975008191594,67142,19.60039188908351,0.8342487308137636,92.1303941983198,93.81058375816758,57.21978889926043,59.91958067063976,82.29338694621957,100.0,95.64873985783011,100.0,98.03977884684426
v47 / 0904 renorm (arm C),27489,7138,77.77656517152316,82.79675506566264,70.73374804467242,71.30488559059988,30.98885793871866,34.34980208180619,27.737868347749593,1.642134584371793,1.517409470752089,1.7769388652690221,-0.5763888888888888,0.7777542820892366,64.22764227642277,31.888348488052443,0.7457528465931827,78.36094414308752,82.6674974343938,71.10027855153204,71.84063920246298,27284,8.978136709229148,13.998326603368621,60.114878117119645,70.2437657607173,65.14429812272346,56.47240123283833,59.21826842252732,100.0,59.4564303726534,100.0,67.5399271504623
v38 / 0702 July (arm A),67852,13955,96.02959382184754,77.12521370040677,82.63721039910394,96.48794434946649,31.000458586665484,31.09069660793799,27.51224130534475,1.6794479208272313,1.6697880146156008,1.875042530214944,-0.26751331421548546,0.8518781006378455,55.18230233510856,32.56233490110173,0.37287036491186704,96.3889998372757,77.03960117753222,82.8044793562035,96.84906581458306,67599,19.825502564404882,0.9211224429640983,91.77355786456467,93.57936223575778,56.861340021497675,59.369401648154785,82.12826943747761,100.0,95.33500537441778,100.0,97.8717305625224
v38 / 0904 renorm (arm C),27269,7161,77.72562250174191,83.04301587883678,70.57464520151088,70.80567677582603,30.516744289199377,34.26850003696311,27.2972573371775,1.6725438012863163,1.5324166481851114,1.8025060989132846,-0.6470387438129374,0.7603806228373703,65.91568527052398,32.50432525951557,0.7884410869485498,78.3433133732535,82.90825755895617,70.98395800990612,71.36837436238633,27054,8.940555209211926,14.257948586306796,60.4943443653121,70.7024158637062,65.77293674067867,56.68202764976959,59.69836614997905,100.0,59.544756318949865,100.0,67.63021924312247
v31 / 0702 July (arm A),70660,13748,95.90008491367111,76.78035663741862,82.66770450042456,96.65015567506369,31.17254121660034,31.129903354178513,27.56253553155202,1.6626492325184765,1.6575611142694713,1.8555287094940307,-0.13785136696187908,0.827146949472786,51.94455140546784,32.76650210276102,0.42456835550523636,96.3089823763502,76.68135304150086,82.8439454235361,97.06225127913586,70360,20.069346164732522,0.9496178884800452,90.52953156822811,92.22432353796916,55.92813500145476,57.97934244981088,82.07011929007855,100.0,94.85743380855396,100.0,97.19231888274659
v31 / 0904 renorm (arm C),43552,8643,73.69121969140338,84.05124908155767,66.63299044819986,64.65374724467303,28.529718456725757,33.44456030587418,25.651720542231494,1.7336345730506315,1.5411192214111922,1.8474336693314795,-0.751107494801555,0.7070256262597179,67.12774613506916,32.73826662827526,0.9115540044085232,74.36913451511991,83.90453018190244,67.12547792839764,65.24852276677095,43155,8.185617193240265,18.54564658339456,49.01076015272475,60.141154691657995,61.55270160823788,48.235566354275136,51.972694666203864,100.0,50.6537082031702,100.0,57.711442786069654
