thr,coverage,All,Perf,NoneIso,Part,NotFound,node_recall,node_bkg_keep
0.5,65.625,0.0,0.0,0.0,0.0,65.625,79.30629041740153,11.827769038046961
0.6,62.74038461538461,0.0,0.0,0.0,0.0,62.74038461538461,75.48500881834215,9.124278972207655
0.7,60.09615384615385,0.0,0.0,0.0,0.0,60.09615384615385,71.66372721928278,7.096661422828177
0.75,58.89423076923077,0.0,0.0,0.0,0.0,58.89423076923077,69.72369194591417,6.082852648138437
0.8,57.45192307692308,0.0,0.0,0.0,0.0,57.45192307692308,67.8424456202234,5.08652333508128
0.85,55.76923076923077,0.0,0.0,0.0,0.0,55.76923076923077,64.37389770723104,3.921225892909165
0.88,53.36538461538461,0.0,0.0,0.0,0.0,53.36538461538461,61.904761904761905,3.1637825554972907
0.9,51.20192307692308,0.0,0.0,0.0,0.0,51.20192307692308,59.494415049970605,2.5170424750917673
0.92,50.48076923076923,0.0,0.0,0.0,0.0,50.48076923076923,56.9077013521458,1.9402202412165706
0.95,44.95192307692308,0.0,0.0,0.0,0.0,44.95192307692308,50.67607289829512,1.1536444677503932
0.97,39.90384615384615,0.0,0.0,0.0,0.0,39.90384615384615,44.73838918283363,0.6933519780924081
