thr,node_recall,node_bkg_keep,edge_recall,n_chain_surv,coverage
0.3000,85.1687,18.9332,24.7590,201,72.0430
0.5000,78.5968,11.2659,22.2796,185,66.3082
0.6000,76.4654,8.4965,21.4187,178,63.7993
0.7000,73.7123,6.6587,20.2479,172,61.6487
0.7500,71.6696,5.6928,19.6281,167,59.8566
0.8000,69.5382,4.6329,18.9050,159,56.9892
0.8500,65.6306,3.4875,17.4242,148,53.0466
0.8800,62.9663,2.6840,16.4601,139,49.8208
0.9000,60.3908,2.1540,15.8402,132,47.3118
0.9200,57.0160,1.7095,14.6006,123,44.0860
0.9400,52.9307,1.2651,13.7741,116,41.5771
0.9500,50.9769,1.0770,13.1198,109,39.0681
0.9700,45.6483,0.6496,11.3636,98,35.1254
0.9900,30.9947,0.1282,7.1970,62,22.2222
