thr,node_recall,node_bkg_keep,node_precision,edge_recall,chain_survival,kept_nodes
0.3,83.37801608579089,18.957509031481163,29.741791520561044,25.033422459893046,0.0,24.613573950568853
0.32,82.48436103663985,17.890934113194565,30.735930735930733,24.899732620320854,0.0,23.562181247548057
0.34,81.76943699731903,16.901771890590055,31.770833333333332,24.86631016042781,0.0,22.597096900745388
0.36,81.32260947274352,16.093239291243762,32.7220424307803,24.63235294117647,0.0,21.82032169478227
0.38,80.7864164432529,15.293308102528815,33.7061894108874,24.46524064171123,0.0,21.043546488819146
0.4,79.89276139410187,14.622398073284018,34.46414803392444,24.398395721925134,0.0,20.35307963907415
0.42,79.44593386952636,14.166523309822812,35.05520504731861,24.364973262032088,0.0,19.897999215378583
0.44,79.08847184986595,13.82246688456907,35.51364365971107,24.164438502673796,0.0,19.55276579050608
0.46,78.01608579088472,12.644073628075002,37.259923175416134,23.997326203208555,0.0,18.383679874460572
0.48,77.65862377122431,12.067779115774988,38.24823943661972,23.897058823529413,0.0,17.826598666143585
0.5,76.85433422698839,11.431274729055566,39.287345820009136,23.830213903743317,0.0,17.175362887406827
0.52,76.13941018766755,10.889385859280921,40.226628895184135,23.629679144385026,0.0,16.61828167908984
0.54,75.60321715817693,10.37330122140031,41.228070175438596,23.56283422459893,0.0,16.10043154178109
0.56,75.15638963360144,9.951832100464477,42.092092092092095,23.462566844919785,0.0,15.676735974892114
0.58,74.0840035746202,9.366936177533116,43.222106360792495,23.328877005347593,0.0,15.049038838760298
0.6,73.90527256479,8.89385859280922,44.43847393874261,23.22860962566845,0.0,14.601804629266379
0.62,73.27971403038427,8.532599346292793,45.253863134657834,23.161764705882355,0.0,14.217340133385642
0.64,72.56478999106345,8.13693445725099,46.188850967007966,22.994652406417114,0.0,13.793644566496665
0.66,71.93923145665772,7.724066746946499,47.26952436876101,22.894385026737968,0.0,13.36210278540604
0.68,71.49240393208221,7.285394804747979,48.57316332726169,22.794117647058822,0.0,12.922714790113771
0.7,70.42001787310099,6.8983313263375186,49.55974842767296,22.52673796791444,0.0,12.47548058061985
0.72,69.52636282394995,6.494065026664372,50.7501630789302,22.393048128342247,0.0,12.028246371125933
0.74,69.34763181411975,5.969378978152417,52.7891156462585,22.15909090909091,0.0,11.533934876422126
0.76,68.54334226988382,5.685532427318081,53.71148459383753,21.858288770053477,0.0,11.204393879952923
0.78,68.18588025022342,5.264063306382247,55.49090909090909,21.75802139037433,0.0,10.788544527265595
0.8,66.93476318141197,4.765181489764321,57.48273215656178,21.62433155080214,0.0,10.22361710474696
0.82,65.23681858802503,4.231894030621022,59.738134206219314,21.256684491978607,0.0,9.588073754413495
0.84,64.343163538874,3.88783760536728,61.43344709897611,20.922459893048128,0.0,9.19576304433111
0.86,63.092046470062556,3.406158610012042,64.06533575317604,20.72192513368984,0.0,8.646528050215771
0.88,62.19839142091153,2.8470669189747118,67.77020447906524,20.421122994652407,0.0,8.058061985092193
0.9,59.964253798033965,2.3567865129881302,71.005291005291,20.15374331550802,0.0,7.414672420557081
0.92,58.266309204647,1.8407018751075175,75.28868360277137,19.618983957219253,0.0,6.794821498626913
0.94,54.42359249329759,1.2558059521761569,80.66225165562913,18.816844919786096,0.0,5.923891722244017
0.96,49.68722073279714,0.653707207982109,87.9746835443038,17.8475935828877,0.0,4.958807375441349
0.98,41.733690795353,0.2580423189403062,93.96378269617706,15.808823529411764,0.0,3.899568458218909
