thr,n_surv,coverage,All_n,All_fix,Perf_fix,NoneIso,Part,NotFound
0.5,299,67.6470588235294,52,11.764705882352942,9.728506787330316,55.88235294117647,0.0,0.0
0.6,292,66.0633484162896,65,14.705882352941176,12.44343891402715,51.35746606334842,0.0,0.0
0.7,284,64.25339366515837,78,17.647058823529413,15.158371040723981,46.60633484162896,0.0,0.0
0.75,279,63.12217194570136,84,19.004524886877828,16.063348416289593,44.11764705882353,0.0,0.0
0.8,267,60.40723981900452,87,19.683257918552037,16.5158371040724,40.723981900452486,0.0,0.0
0.85,259,58.5972850678733,102,23.076923076923077,19.683257918552037,35.52036199095023,0.0,0.0
0.88,249,56.334841628959275,107,24.20814479638009,20.58823529411765,32.126696832579185,0.0,0.0
0.9,240,54.29864253393665,116,26.244343891402714,22.171945701357465,28.054298642533936,0.0,0.0
0.92,231,52.262443438914026,128,28.959276018099548,23.981900452488688,23.30316742081448,0.0,0.0
0.95,207,46.83257918552036,134,30.316742081447963,25.339366515837103,16.5158371040724,0.0,0.0
